2025-12-11 13:45:55,329 - DEBUG - 📊 Table Overhaul_metadata columns: ['id', 'component_id', 'overhaul_frequency_hours', 'total_overhaul_events', 'last_overhaul_date']
2025-12-11 13:45:55,590 - DEBUG - 📊 Table Overhaul_Readings columns: ['id', 'component_id', 'maintenance_type', 'defect_date', 'cmms_running_age', 'running_age']
2025-12-11 13:45:55,593 - DEBUG - 📊 Table rcm columns: ['rcm_id', 'component_id', 'decision_path', 'maintenance_policy', 'created_date', 'modified_date']
2025-12-11 13:45:55,596 - DEBUG - 📊 Table refresh_tokens columns: ['id', 'token', 'user_id', 'expires_at', 'created_at', 'is_revoked']
2025-12-11 13:45:55,599 - DEBUG - 📊 Table sensor_metadata columns: ['sensor_name', 'unit', 'min_value', 'max_value', 'frequency', 'P', 'F', 'component_id', 'sensor_id', 'failure_mode_id']
2025-12-11 13:45:55,602 - DEBUG - 📊 Table sensor_readings columns: ['value', 'operating_hours', 'alert', 'id', 'date', 'component_id', 'sensor_id']
2025-12-11 13:45:55,606 - DEBUG - 📊 Table ships columns: ['ship_name', 'ship_category', 'ship_class', 'command', 'ship_id', 'created_date', 'modified_date']
2025-12-11 13:45:55,609 - DEBUG - 📊 Table system_configuration columns: ['component_name', 'parent_id', 'department_id', 'CMMS_EquipmentCode', 'is_lmu', 'parent_name', 'nomenclature', 'etl', 'component_id', 'created_date', 'modified_date', 'ship_id', 'system_id', 'RepairType']
2025-12-11 13:45:55,612 - DEBUG - 📊 Table systems columns: ['system_id', 'system_type', 'created_date']
2025-12-11 13:45:55,615 - DEBUG - 📊 Table users columns: ['email', 'username', 'full_name', 'role', 'is_active', 'id', 'hashed_password', 'created_at', 'updated_at', 'last_login']
2025-12-11 13:45:55,621 - DEBUG - 🔗 Foreign keys for alembic_version: []
2025-12-11 13:45:55,626 - DEBUG - 🔗 Foreign keys for alphabeta: [{'name': 'FK__alphabeta__compo__3E1D39E1', 'constrained_columns': ['component_id'], 'referred_schema': None, 'referred_table': 'system_configuration', 'referred_columns': ['component_id'], 'options': {}}]
2025-12-11 13:45:55,626 - DEBUG - 🔗 Added relationship: alphabeta.component_id -> system_configuration.component_id
2025-12-11 13:45:55,630 - DEBUG - 🔗 Foreign keys for departments: [{'name': 'FK__departmen__ship___47DBAE45', 'constrained_columns': ['ship_id'], 'referred_schema': None, 'referred_table': 'ships', 'referred_columns': ['ship_id'], 'options': {}}]
2025-12-11 13:45:55,630 - DEBUG - 🔗 Added relationship: departments.ship_id -> ships.ship_id
2025-12-11 13:45:55,635 - DEBUG - 🔗 Foreign keys for etabeta: [{'name': 'FK__etabeta__compone__40F9A68C', 'constrained_columns': ['component_id'], 'referred_schema': None, 'referred_table': 'system_configuration', 'referred_columns': ['component_id'], 'options': {}}]
2025-12-11 13:45:55,635 - DEBUG - 🔗 Added relationship: etabeta.component_id -> system_configuration.component_id
2025-12-11 13:45:55,640 - DEBUG - 🔗 Foreign keys for etl_audit_log: [{'name': 'FK__etl_audit__compo__55009F39', 'constrained_columns': ['component_id'], 'referred_schema': None, 'referred_table': 'system_configuration', 'referred_columns': ['component_id'], 'options': {}}]
2025-12-11 13:45:55,640 - DEBUG - 🔗 Added relationship: etl_audit_log.component_id -> system_configuration.component_id
2025-12-11 13:45:55,644 - DEBUG - 🔗 Foreign keys for etl_schedule: [{'name': 'FK__etl_sched__compo__57DD0BE4', 'constrained_columns': ['component_id'], 'referred_schema': None, 'referred_table': 'system_configuration', 'referred_columns': ['component_id'], 'options': {}}]
2025-12-11 13:45:55,644 - DEBUG - 🔗 Added relationship: etl_schedule.component_id -> system_configuration.component_id
2025-12-11 13:45:55,648 - DEBUG - 🔗 Foreign keys for failure_modes: [{'name': 'FK__failure_m__compo__37703C52', 'constrained_columns': ['component_id'], 'referred_schema': None, 'referred_table': 'system_configuration', 'referred_columns': ['component_id'], 'options': {}}]
2025-12-11 13:45:55,648 - DEBUG - 🔗 Added relationship: failure_modes.component_id -> system_configuration.component_id
2025-12-11 13:45:55,653 - DEBUG - 🔗 Foreign keys for Mission_configurations: [{'name': 'fk_mission_ship', 'constrained_columns': ['ship_id'], 'referred_schema': None, 'referred_table': 'ships', 'referred_columns': ['ship_id'], 'options': {}}]
2025-12-11 13:45:55,653 - DEBUG - 🔗 Added relationship: Mission_configurations.ship_id -> ships.ship_id
2025-12-11 13:45:55,657 - DEBUG - 🔗 Foreign keys for monthly_utilization: [{'name': 'FK__monthly_u__compo__2EDAF651', 'constrained_columns': ['component_id'], 'referred_schema': None, 'referred_table': 'system_configuration', 'referred_columns': ['component_id'], 'options': {}}]
2025-12-11 13:45:55,657 - DEBUG - 🔗 Added relationship: monthly_utilization.component_id -> system_configuration.component_id
2025-12-11 13:45:55,662 - DEBUG - 🔗 Foreign keys for Overhaul_metadata: [{'name': 'FK__Overhaul___compo__214BF109', 'constrained_columns': ['component_id'], 'referred_schema': None, 'referred_table': 'system_configuration', 'referred_columns': ['component_id'], 'options': {}}]
2025-12-11 13:45:55,662 - DEBUG - 🔗 Added relationship: Overhaul_metadata.component_id -> system_configuration.component_id
2025-12-11 13:45:55,666 - DEBUG - 🔗 Foreign keys for Overhaul_Readings: [{'name': 'FK__Overhaul___compo__1E6F845E', 'constrained_columns': ['component_id'], 'referred_schema': None, 'referred_table': 'system_configuration', 'referred_columns': ['component_id'], 'options': {}}]
2025-12-11 13:45:55,666 - DEBUG - 🔗 Added relationship: Overhaul_Readings.component_id -> system_configuration.component_id
2025-12-11 13:45:55,670 - DEBUG - 🔗 Foreign keys for rcm: [{'name': 'FK__rcm__component_i__308E3499', 'constrained_columns': ['component_id'], 'referred_schema': None, 'referred_table': 'system_configuration', 'referred_columns': ['component_id'], 'options': {}}]
2025-12-11 13:45:55,670 - DEBUG - 🔗 Added relationship: rcm.component_id -> system_configuration.component_id
2025-12-11 13:45:55,675 - DEBUG - 🔗 Foreign keys for refresh_tokens: [{'name': 'FK__refresh_t__user___49C3F6B7', 'constrained_columns': ['user_id'], 'referred_schema': None, 'referred_table': 'users', 'referred_columns': ['id'], 'options': {}}]
2025-12-11 13:45:55,675 - DEBUG - 🔗 Added relationship: refresh_tokens.user_id -> users.id
2025-12-11 13:45:55,680 - DEBUG - 🔗 Foreign keys for sensor_metadata: [{'name': 'FK__sensor_me__compo__31B762FC', 'constrained_columns': ['component_id'], 'referred_schema': None, 'referred_table': 'system_configuration', 'referred_columns': ['component_id'], 'options': {}}, {'name': 'FK__sensor_me__failu__32AB8735', 'constrained_columns': ['failure_mode_id'], 'referred_schema': None, 'referred_table': 'failure_modes', 'referred_columns': ['failure_mode_id'], 'options': {}}]
2025-12-11 13:45:55,680 - DEBUG - 🔗 Added relationship: sensor_metadata.component_id -> system_configuration.component_id
2025-12-11 13:45:55,680 - DEBUG - 🔗 Added relationship: sensor_metadata.failure_mode_id -> failure_modes.failure_mode_id
2025-12-11 13:45:55,684 - DEBUG - 🔗 Foreign keys for sensor_readings: [{'name': 'FK__sensor_re__compo__3587F3E0', 'constrained_columns': ['component_id'], 'referred_schema': None, 'referred_table': 'system_configuration', 'referred_columns': ['component_id'], 'options': {}}, {'name': 'FK__sensor_re__senso__367C1819', 'constrained_columns': ['sensor_id'], 'referred_schema': None, 'referred_table': 'sensor_metadata', 'referred_columns': ['sensor_id'], 'options': {}}]
2025-12-11 13:45:55,684 - DEBUG - 🔗 Added relationship: sensor_readings.component_id -> system_configuration.component_id
2025-12-11 13:45:55,684 - DEBUG - 🔗 Added relationship: sensor_readings.sensor_id -> sensor_metadata.sensor_id
2025-12-11 13:45:55,688 - DEBUG - 🔗 Foreign keys for ships: []
2025-12-11 13:45:55,693 - DEBUG - 🔗 Foreign keys for system_configuration: [{'name': 'FK__system_co__depar__4BAC3F29', 'constrained_columns': ['department_id'], 'referred_schema': None, 'referred_table': 'departments', 'referred_columns': ['department_id'], 'options': {}}, {'name': 'FK__system_co__paren__4CA06362', 'constrained_columns': ['parent_id'], 'referred_schema': None, 'referred_table': 'system_configuration', 'referred_columns': ['component_id'], 'options': {}}, {'name': 'FK__system_co__ship___3864608B', 'constrained_columns': ['ship_id'], 'referred_schema': None, 'referred_table': 'ships', 'referred_columns': ['ship_id'], 'options': {}}, {'name': 'FK__system_co__syste__47A6A41B', 'constrained_columns': ['system_id'], 'referred_schema': None, 'referred_table': 'systems', 'referred_columns': ['system_id'], 'options': {}}]
2025-12-11 13:45:55,693 - DEBUG - 🔗 Added relationship: system_configuration.department_id -> departments.department_id
2025-12-11 13:45:55,693 - DEBUG - 🔗 Added relationship: system_configuration.parent_id -> system_configuration.component_id
2025-12-11 13:45:55,693 - DEBUG - 🔗 Added relationship: system_configuration.ship_id -> ships.ship_id
2025-12-11 13:45:55,693 - DEBUG - 🔗 Added relationship: system_configuration.system_id -> systems.system_id
2025-12-11 13:45:55,697 - DEBUG - 🔗 Foreign keys for systems: []
2025-12-11 13:45:55,701 - DEBUG - 🔗 Foreign keys for users: []
2025-12-11 13:45:55,702 - INFO - ✅ Schema loading complete. Found 19 tables and 20 relationships
2025-12-11 13:45:55,702 - DEBUG - 🔍 Relationship Details:
2025-12-11 13:45:55,702 - DEBUG -   ('alphabeta', 'system_configuration') -> ('alphabeta.component_id', 'system_configuration.component_id')
2025-12-11 13:45:55,702 - DEBUG -   ('departments', 'ships') -> ('departments.ship_id', 'ships.ship_id')
2025-12-11 13:45:55,702 - DEBUG -   ('etabeta', 'system_configuration') -> ('etabeta.component_id', 'system_configuration.component_id')
2025-12-11 13:45:55,702 - DEBUG -   ('etl_audit_log', 'system_configuration') -> ('etl_audit_log.component_id', 'system_configuration.component_id')
2025-12-11 13:45:55,702 - DEBUG -   ('etl_schedule', 'system_configuration') -> ('etl_schedule.component_id', 'system_configuration.component_id')
2025-12-11 13:45:55,702 - DEBUG -   ('failure_modes', 'system_configuration') -> ('failure_modes.component_id', 'system_configuration.component_id')
2025-12-11 13:45:55,702 - DEBUG -   ('Mission_configurations', 'ships') -> ('Mission_configurations.ship_id', 'ships.ship_id')
2025-12-11 13:45:55,702 - DEBUG -   ('monthly_utilization', 'system_configuration') -> ('monthly_utilization.component_id', 'system_configuration.component_id')
2025-12-11 13:45:55,702 - DEBUG -   ('Overhaul_metadata', 'system_configuration') -> ('Overhaul_metadata.component_id', 'system_configuration.component_id')
2025-12-11 13:45:55,702 - DEBUG -   ('Overhaul_Readings', 'system_configuration') -> ('Overhaul_Readings.component_id', 'system_configuration.component_id')
2025-12-11 13:45:55,702 - DEBUG -   ('rcm', 'system_configuration') -> ('rcm.component_id', 'system_configuration.component_id')
2025-12-11 13:45:55,702 - DEBUG -   ('refresh_tokens', 'users') -> ('refresh_tokens.user_id', 'users.id')
2025-12-11 13:45:55,702 - DEBUG -   ('sensor_metadata', 'system_configuration') -> ('sensor_metadata.component_id', 'system_configuration.component_id')
2025-12-11 13:45:55,702 - DEBUG -   ('sensor_metadata', 'failure_modes') -> ('sensor_metadata.failure_mode_id', 'failure_modes.failure_mode_id')
2025-12-11 13:45:55,703 - DEBUG -   ('sensor_readings', 'system_configuration') -> ('sensor_readings.component_id', 'system_configuration.component_id')
2025-12-11 13:45:55,703 - DEBUG -   ('sensor_readings', 'sensor_metadata') -> ('sensor_readings.sensor_id', 'sensor_metadata.sensor_id')
2025-12-11 13:45:55,703 - DEBUG -   ('system_configuration', 'departments') -> ('system_configuration.department_id', 'departments.department_id')
2025-12-11 13:45:55,703 - DEBUG -   ('system_configuration', 'system_configuration') -> ('system_configuration.parent_id', 'system_configuration.component_id')
2025-12-11 13:45:55,703 - DEBUG -   ('system_configuration', 'ships') -> ('system_configuration.ship_id', 'ships.ship_id')
2025-12-11 13:45:55,703 - DEBUG -   ('system_configuration', 'systems') -> ('system_configuration.system_id', 'systems.system_id')
2025-12-11 13:45:55,704 - INFO - 📌 Loaded conversation memory from disk.
2025-12-11 13:45:55,704 - INFO - 📌 Initialized memory: Last 5 exchanges
2025-12-11 13:45:55,885 - DEBUG - loaded lazy attr 'SafeConfigParser': <class 'configparser.ConfigParser'>
2025-12-11 13:45:55,885 - DEBUG - loaded lazy attr 'NativeStringIO': <class '_io.StringIO'>
2025-12-11 13:45:55,885 - DEBUG - loaded lazy attr 'BytesIO': <class '_io.BytesIO'>
2025-12-11 13:45:55,887 - DEBUG - registered 'bcrypt' handler: <class 'passlib.handlers.bcrypt.bcrypt'>
2025-12-11 13:45:56,499 - INFO - MissionReliabilityCalculator initialized
2025-12-11 13:45:56,760 - INFO - Loading configuration from: /home/user/IITB/netra/backend/utils/config.yaml
2025-12-11 13:45:56,776 - INFO - Initializing LLMClient with Ollama model: codellama:7b-instruct
2025-12-11 13:45:56,777 - INFO - ✅ Database engine created with URL: mssql+pyodbc://sa:Camlab110@localhost:1433/NetraKoshx?driver=ODBC+Driver+18+for+SQL+Server&TrustServerCertificate=yes&timeout=300
2025-12-11 13:45:56,790 - INFO - 🔍 Found tables: ['alembic_version', 'alphabeta', 'departments', 'etabeta', 'etl_audit_log', 'etl_schedule', 'failure_modes', 'Mission_configurations', 'monthly_utilization', 'Overhaul_metadata', 'Overhaul_Readings', 'rcm', 'refresh_tokens', 'sensor_metadata', 'sensor_readings', 'ships', 'system_configuration', 'systems', 'users']
2025-12-11 13:45:56,795 - DEBUG - 📊 Table alembic_version columns: ['version_num']
2025-12-11 13:45:56,798 - DEBUG - 📊 Table alphabeta columns: ['id', 'alpha', 'beta', 'component_id']
2025-12-11 13:45:56,801 - DEBUG - 📊 Table departments columns: ['ship_id', 'department_name', 'department_code', 'department_id', 'created_date', 'modified_date']
2025-12-11 13:45:56,804 - DEBUG - 📊 Table etabeta columns: ['id', 'eta', 'beta', 'component_id', 'priority']
2025-12-11 13:45:56,808 - DEBUG - 📊 Table etl_audit_log columns: ['log_id', 'run_id', 'component_id', 'ship_name', 'nomenclature', 'start_time', 'end_time', 'duration_ms', 'rows_processed', 'rows_inserted', 'rows_updated', 'status', 'error_details', 'retry_attempt', 'created_at']
2025-12-11 13:45:56,811 - DEBUG - 📊 Table etl_schedule columns: ['component_id', 'frequency_minutes', 'last_run_time', 'next_run_time', 'status', 'retry_count', 'max_retries', 'error_message', 'created_at', 'updated_at']
2025-12-11 13:45:56,814 - DEBUG - 📊 Table failure_modes columns: ['name', 'severity', 'component_id', 'failure_mode_id']
2025-12-11 13:45:56,817 - DEBUG - 📊 Table Mission_configurations columns: ['config_name', 'id', 'created_date', 'modified_date', 'configuration', 'ship_id', 'ship_name']
2025-12-11 13:45:56,819 - DEBUG - 📊 Table monthly_utilization columns: ['id', 'operation_date', 'utlization', 'component_id']
2025-12-11 13:45:56,822 - DEBUG - 📊 Table Overhaul_metadata columns: ['id', 'component_id', 'overhaul_frequency_hours', 'total_overhaul_events', 'last_overhaul_date']
2025-12-11 13:45:56,825 - DEBUG - 📊 Table Overhaul_Readings columns: ['id', 'component_id', 'maintenance_type', 'defect_date', 'cmms_running_age', 'running_age']
2025-12-11 13:45:56,828 - DEBUG - 📊 Table rcm columns: ['rcm_id', 'component_id', 'decision_path', 'maintenance_policy', 'created_date', 'modified_date']
2025-12-11 13:45:56,831 - DEBUG - 📊 Table refresh_tokens columns: ['id', 'token', 'user_id', 'expires_at', 'created_at', 'is_revoked']
2025-12-11 13:45:56,834 - DEBUG - 📊 Table sensor_metadata columns: ['sensor_name', 'unit', 'min_value', 'max_value', 'frequency', 'P', 'F', 'component_id', 'sensor_id', 'failure_mode_id']
2025-12-11 13:45:56,837 - DEBUG - 📊 Table sensor_readings columns: ['value', 'operating_hours', 'alert', 'id', 'date', 'component_id', 'sensor_id']
2025-12-11 13:45:56,840 - DEBUG - 📊 Table ships columns: ['ship_name', 'ship_category', 'ship_class', 'command', 'ship_id', 'created_date', 'modified_date']
2025-12-11 13:45:56,844 - DEBUG - 📊 Table system_configuration columns: ['component_name', 'parent_id', 'department_id', 'CMMS_EquipmentCode', 'is_lmu', 'parent_name', 'nomenclature', 'etl', 'component_id', 'created_date', 'modified_date', 'ship_id', 'system_id', 'RepairType']
2025-12-11 13:45:56,846 - DEBUG - 📊 Table systems columns: ['system_id', 'system_type', 'created_date']
2025-12-11 13:45:56,849 - DEBUG - 📊 Table users columns: ['email', 'username', 'full_name', 'role', 'is_active', 'id', 'hashed_password', 'created_at', 'updated_at', 'last_login']
2025-12-11 13:45:56,854 - DEBUG - 🔗 Foreign keys for alembic_version: []
2025-12-11 13:45:56,859 - DEBUG - 🔗 Foreign keys for alphabeta: [{'name': 'FK__alphabeta__compo__3E1D39E1', 'constrained_columns': ['component_id'], 'referred_schema': None, 'referred_table': 'system_configuration', 'referred_columns': ['component_id'], 'options': {}}]
2025-12-11 13:45:56,859 - DEBUG - 🔗 Added relationship: alphabeta.component_id -> system_configuration.component_id
2025-12-11 13:45:56,863 - DEBUG - 🔗 Foreign keys for departments: [{'name': 'FK__departmen__ship___47DBAE45', 'constrained_columns': ['ship_id'], 'referred_schema': None, 'referred_table': 'ships', 'referred_columns': ['ship_id'], 'options': {}}]
2025-12-11 13:45:56,863 - DEBUG - 🔗 Added relationship: departments.ship_id -> ships.ship_id
2025-12-11 13:45:56,867 - DEBUG - 🔗 Foreign keys for etabeta: [{'name': 'FK__etabeta__compone__40F9A68C', 'constrained_columns': ['component_id'], 'referred_schema': None, 'referred_table': 'system_configuration', 'referred_columns': ['component_id'], 'options': {}}]
2025-12-11 13:45:56,867 - DEBUG - 🔗 Added relationship: etabeta.component_id -> system_configuration.component_id
2025-12-11 13:45:56,872 - DEBUG - 🔗 Foreign keys for etl_audit_log: [{'name': 'FK__etl_audit__compo__55009F39', 'constrained_columns': ['component_id'], 'referred_schema': None, 'referred_table': 'system_configuration', 'referred_columns': ['component_id'], 'options': {}}]
2025-12-11 13:45:56,872 - DEBUG - 🔗 Added relationship: etl_audit_log.component_id -> system_configuration.component_id
2025-12-11 13:45:56,876 - DEBUG - 🔗 Foreign keys for etl_schedule: [{'name': 'FK__etl_sched__compo__57DD0BE4', 'constrained_columns': ['component_id'], 'referred_schema': None, 'referred_table': 'system_configuration', 'referred_columns': ['component_id'], 'options': {}}]
2025-12-11 13:45:56,876 - DEBUG - 🔗 Added relationship: etl_schedule.component_id -> system_configuration.component_id
2025-12-11 13:45:56,881 - DEBUG - 🔗 Foreign keys for failure_modes: [{'name': 'FK__failure_m__compo__37703C52', 'constrained_columns': ['component_id'], 'referred_schema': None, 'referred_table': 'system_configuration', 'referred_columns': ['component_id'], 'options': {}}]
2025-12-11 13:45:56,881 - DEBUG - 🔗 Added relationship: failure_modes.component_id -> system_configuration.component_id
2025-12-11 13:45:56,885 - DEBUG - 🔗 Foreign keys for Mission_configurations: [{'name': 'fk_mission_ship', 'constrained_columns': ['ship_id'], 'referred_schema': None, 'referred_table': 'ships', 'referred_columns': ['ship_id'], 'options': {}}]
2025-12-11 13:45:56,885 - DEBUG - 🔗 Added relationship: Mission_configurations.ship_id -> ships.ship_id
2025-12-11 13:45:56,889 - DEBUG - 🔗 Foreign keys for monthly_utilization: [{'name': 'FK__monthly_u__compo__2EDAF651', 'constrained_columns': ['component_id'], 'referred_schema': None, 'referred_table': 'system_configuration', 'referred_columns': ['component_id'], 'options': {}}]
2025-12-11 13:45:56,889 - DEBUG - 🔗 Added relationship: monthly_utilization.component_id -> system_configuration.component_id
2025-12-11 13:45:56,894 - DEBUG - 🔗 Foreign keys for Overhaul_metadata: [{'name': 'FK__Overhaul___compo__214BF109', 'constrained_columns': ['component_id'], 'referred_schema': None, 'referred_table': 'system_configuration', 'referred_columns': ['component_id'], 'options': {}}]
2025-12-11 13:45:56,894 - DEBUG - 🔗 Added relationship: Overhaul_metadata.component_id -> system_configuration.component_id
2025-12-11 13:45:56,898 - DEBUG - 🔗 Foreign keys for Overhaul_Readings: [{'name': 'FK__Overhaul___compo__1E6F845E', 'constrained_columns': ['component_id'], 'referred_schema': None, 'referred_table': 'system_configuration', 'referred_columns': ['component_id'], 'options': {}}]
2025-12-11 13:45:56,898 - DEBUG - 🔗 Added relationship: Overhaul_Readings.component_id -> system_configuration.component_id
2025-12-11 13:45:56,902 - DEBUG - 🔗 Foreign keys for rcm: [{'name': 'FK__rcm__component_i__308E3499', 'constrained_columns': ['component_id'], 'referred_schema': None, 'referred_table': 'system_configuration', 'referred_columns': ['component_id'], 'options': {}}]
2025-12-11 13:45:56,903 - DEBUG - 🔗 Added relationship: rcm.component_id -> system_configuration.component_id
2025-12-11 13:45:56,907 - DEBUG - 🔗 Foreign keys for refresh_tokens: [{'name': 'FK__refresh_t__user___49C3F6B7', 'constrained_columns': ['user_id'], 'referred_schema': None, 'referred_table': 'users', 'referred_columns': ['id'], 'options': {}}]
2025-12-11 13:45:56,907 - DEBUG - 🔗 Added relationship: refresh_tokens.user_id -> users.id
2025-12-11 13:45:56,911 - DEBUG - 🔗 Foreign keys for sensor_metadata: [{'name': 'FK__sensor_me__compo__31B762FC', 'constrained_columns': ['component_id'], 'referred_schema': None, 'referred_table': 'system_configuration', 'referred_columns': ['component_id'], 'options': {}}, {'name': 'FK__sensor_me__failu__32AB8735', 'constrained_columns': ['failure_mode_id'], 'referred_schema': None, 'referred_table': 'failure_modes', 'referred_columns': ['failure_mode_id'], 'options': {}}]
2025-12-11 13:45:56,911 - DEBUG - 🔗 Added relationship: sensor_metadata.component_id -> system_configuration.component_id
2025-12-11 13:45:56,911 - DEBUG - 🔗 Added relationship: sensor_metadata.failure_mode_id -> failure_modes.failure_mode_id
2025-12-11 13:45:56,916 - DEBUG - 🔗 Foreign keys for sensor_readings: [{'name': 'FK__sensor_re__compo__3587F3E0', 'constrained_columns': ['component_id'], 'referred_schema': None, 'referred_table': 'system_configuration', 'referred_columns': ['component_id'], 'options': {}}, {'name': 'FK__sensor_re__senso__367C1819', 'constrained_columns': ['sensor_id'], 'referred_schema': None, 'referred_table': 'sensor_metadata', 'referred_columns': ['sensor_id'], 'options': {}}]
2025-12-11 13:45:56,916 - DEBUG - 🔗 Added relationship: sensor_readings.component_id -> system_configuration.component_id
2025-12-11 13:45:56,916 - DEBUG - 🔗 Added relationship: sensor_readings.sensor_id -> sensor_metadata.sensor_id
2025-12-11 13:45:56,920 - DEBUG - 🔗 Foreign keys for ships: []
2025-12-11 13:45:56,925 - DEBUG - 🔗 Foreign keys for system_configuration: [{'name': 'FK__system_co__depar__4BAC3F29', 'constrained_columns': ['department_id'], 'referred_schema': None, 'referred_table': 'departments', 'referred_columns': ['department_id'], 'options': {}}, {'name': 'FK__system_co__paren__4CA06362', 'constrained_columns': ['parent_id'], 'referred_schema': None, 'referred_table': 'system_configuration', 'referred_columns': ['component_id'], 'options': {}}, {'name': 'FK__system_co__ship___3864608B', 'constrained_columns': ['ship_id'], 'referred_schema': None, 'referred_table': 'ships', 'referred_columns': ['ship_id'], 'options': {}}, {'name': 'FK__system_co__syste__47A6A41B', 'constrained_columns': ['system_id'], 'referred_schema': None, 'referred_table': 'systems', 'referred_columns': ['system_id'], 'options': {}}]
2025-12-11 13:45:56,925 - DEBUG - 🔗 Added relationship: system_configuration.department_id -> departments.department_id
2025-12-11 13:45:56,925 - DEBUG - 🔗 Added relationship: system_configuration.parent_id -> system_configuration.component_id
2025-12-11 13:45:56,925 - DEBUG - 🔗 Added relationship: system_configuration.ship_id -> ships.ship_id
2025-12-11 13:45:56,925 - DEBUG - 🔗 Added relationship: system_configuration.system_id -> systems.system_id
2025-12-11 13:45:56,929 - DEBUG - 🔗 Foreign keys for systems: []
2025-12-11 13:45:56,933 - DEBUG - 🔗 Foreign keys for users: []
2025-12-11 13:45:56,933 - INFO - ✅ Schema loading complete. Found 19 tables and 20 relationships
2025-12-11 13:45:56,934 - DEBUG - 🔍 Relationship Details:
2025-12-11 13:45:56,934 - DEBUG -   ('alphabeta', 'system_configuration') -> ('alphabeta.component_id', 'system_configuration.component_id')
2025-12-11 13:45:56,934 - DEBUG -   ('departments', 'ships') -> ('departments.ship_id', 'ships.ship_id')
2025-12-11 13:45:56,934 - DEBUG -   ('etabeta', 'system_configuration') -> ('etabeta.component_id', 'system_configuration.component_id')
2025-12-11 13:45:56,934 - DEBUG -   ('etl_audit_log', 'system_configuration') -> ('etl_audit_log.component_id', 'system_configuration.component_id')
2025-12-11 13:45:56,934 - DEBUG -   ('etl_schedule', 'system_configuration') -> ('etl_schedule.component_id', 'system_configuration.component_id')
2025-12-11 13:45:56,934 - DEBUG -   ('failure_modes', 'system_configuration') -> ('failure_modes.component_id', 'system_configuration.component_id')
2025-12-11 13:45:56,934 - DEBUG -   ('Mission_configurations', 'ships') -> ('Mission_configurations.ship_id', 'ships.ship_id')
2025-12-11 13:45:56,934 - DEBUG -   ('monthly_utilization', 'system_configuration') -> ('monthly_utilization.component_id', 'system_configuration.component_id')
2025-12-11 13:45:56,934 - DEBUG -   ('Overhaul_metadata', 'system_configuration') -> ('Overhaul_metadata.component_id', 'system_configuration.component_id')
2025-12-11 13:45:56,934 - DEBUG -   ('Overhaul_Readings', 'system_configuration') -> ('Overhaul_Readings.component_id', 'system_configuration.component_id')
2025-12-11 13:45:56,934 - DEBUG -   ('rcm', 'system_configuration') -> ('rcm.component_id', 'system_configuration.component_id')
2025-12-11 13:45:56,934 - DEBUG -   ('refresh_tokens', 'users') -> ('refresh_tokens.user_id', 'users.id')
2025-12-11 13:45:56,934 - DEBUG -   ('sensor_metadata', 'system_configuration') -> ('sensor_metadata.component_id', 'system_configuration.component_id')
2025-12-11 13:45:56,934 - DEBUG -   ('sensor_metadata', 'failure_modes') -> ('sensor_metadata.failure_mode_id', 'failure_modes.failure_mode_id')
2025-12-11 13:45:56,934 - DEBUG -   ('sensor_readings', 'system_configuration') -> ('sensor_readings.component_id', 'system_configuration.component_id')
2025-12-11 13:45:56,934 - DEBUG -   ('sensor_readings', 'sensor_metadata') -> ('sensor_readings.sensor_id', 'sensor_metadata.sensor_id')
2025-12-11 13:45:56,934 - DEBUG -   ('system_configuration', 'departments') -> ('system_configuration.department_id', 'departments.department_id')
2025-12-11 13:45:56,934 - DEBUG -   ('system_configuration', 'system_configuration') -> ('system_configuration.parent_id', 'system_configuration.component_id')
2025-12-11 13:45:56,934 - DEBUG -   ('system_configuration', 'ships') -> ('system_configuration.ship_id', 'ships.ship_id')
2025-12-11 13:45:56,934 - DEBUG -   ('system_configuration', 'systems') -> ('system_configuration.system_id', 'systems.system_id')
2025-12-11 13:46:52,104 - INFO - Loading configuration from: /home/user/IITB/netra/backend/utils/config.yaml
2025-12-11 13:46:52,120 - INFO - Initializing LLMClient with Ollama model: codellama:7b-instruct
2025-12-11 13:46:52,120 - INFO - Loading configuration from: /home/user/IITB/netra/backend/utils/config.yaml
2025-12-11 13:46:52,136 - INFO - Loading configuration from: /home/user/IITB/netra/backend/utils/config.yaml
2025-12-11 13:46:52,151 - INFO - Initializing LLMClient with Ollama model: codellama:7b-instruct
2025-12-11 13:46:52,160 - INFO - ✅ Database engine created with URL: mssql+pyodbc://sa:Camlab110@localhost:1433/NetraKoshx?driver=ODBC+Driver+18+for+SQL+Server&TrustServerCertificate=yes&timeout=300
2025-12-11 13:46:52,180 - INFO - 🔍 Found tables: ['alembic_version', 'alphabeta', 'departments', 'etabeta', 'etl_audit_log', 'etl_schedule', 'failure_modes', 'Mission_configurations', 'monthly_utilization', 'Overhaul_metadata', 'Overhaul_Readings', 'rcm', 'refresh_tokens', 'sensor_metadata', 'sensor_readings', 'ships', 'system_configuration', 'systems', 'users']
2025-12-11 13:46:52,186 - DEBUG - 📊 Table alembic_version columns: ['version_num']
2025-12-11 13:46:52,189 - DEBUG - 📊 Table alphabeta columns: ['id', 'alpha', 'beta', 'component_id']
2025-12-11 13:46:52,191 - DEBUG - 📊 Table departments columns: ['ship_id', 'department_name', 'department_code', 'department_id', 'created_date', 'modified_date']
2025-12-11 13:46:52,194 - DEBUG - 📊 Table etabeta columns: ['id', 'eta', 'beta', 'component_id', 'priority']
2025-12-11 13:46:52,197 - DEBUG - 📊 Table etl_audit_log columns: ['log_id', 'run_id', 'component_id', 'ship_name', 'nomenclature', 'start_time', 'end_time', 'duration_ms', 'rows_processed', 'rows_inserted', 'rows_updated', 'status', 'error_details', 'retry_attempt', 'created_at']
2025-12-11 13:46:52,200 - DEBUG - 📊 Table etl_schedule columns: ['component_id', 'frequency_minutes', 'last_run_time', 'next_run_time', 'status', 'retry_count', 'max_retries', 'error_message', 'created_at', 'updated_at']
2025-12-11 13:46:52,203 - DEBUG - 📊 Table failure_modes columns: ['name', 'severity', 'component_id', 'failure_mode_id']
2025-12-11 13:46:52,205 - DEBUG - 📊 Table Mission_configurations columns: ['config_name', 'id', 'created_date', 'modified_date', 'configuration', 'ship_id', 'ship_name']
2025-12-11 13:46:52,208 - DEBUG - 📊 Table monthly_utilization columns: ['id', 'operation_date', 'utlization', 'component_id']
2025-12-11 13:46:52,211 - DEBUG - 📊 Table Overhaul_metadata columns: ['id', 'component_id', 'overhaul_frequency_hours', 'total_overhaul_events', 'last_overhaul_date']
2025-12-11 13:46:52,213 - DEBUG - 📊 Table Overhaul_Readings columns: ['id', 'component_id', 'maintenance_type', 'defect_date', 'cmms_running_age', 'running_age']
2025-12-11 13:46:52,216 - DEBUG - 📊 Table rcm columns: ['rcm_id', 'component_id', 'decision_path', 'maintenance_policy', 'created_date', 'modified_date']
2025-12-11 13:46:52,219 - DEBUG - 📊 Table refresh_tokens columns: ['id', 'token', 'user_id', 'expires_at', 'created_at', 'is_revoked']
2025-12-11 13:46:52,221 - DEBUG - 📊 Table sensor_metadata columns: ['sensor_name', 'unit', 'min_value', 'max_value', 'frequency', 'P', 'F', 'component_id', 'sensor_id', 'failure_mode_id']
2025-12-11 13:46:52,224 - DEBUG - 📊 Table sensor_readings columns: ['value', 'operating_hours', 'alert', 'id', 'date', 'component_id', 'sensor_id']
2025-12-11 13:46:52,227 - DEBUG - 📊 Table ships columns: ['ship_name', 'ship_category', 'ship_class', 'command', 'ship_id', 'created_date', 'modified_date']
2025-12-11 13:46:52,230 - DEBUG - 📊 Table system_configuration columns: ['component_name', 'parent_id', 'department_id', 'CMMS_EquipmentCode', 'is_lmu', 'parent_name', 'nomenclature', 'etl', 'component_id', 'created_date', 'modified_date', 'ship_id', 'system_id', 'RepairType']
2025-12-11 13:46:52,232 - DEBUG - 📊 Table systems columns: ['system_id', 'system_type', 'created_date']
2025-12-11 13:46:52,236 - DEBUG - 📊 Table users columns: ['email', 'username', 'full_name', 'role', 'is_active', 'id', 'hashed_password', 'created_at', 'updated_at', 'last_login']
2025-12-11 13:46:52,241 - DEBUG - 🔗 Foreign keys for alembic_version: []
2025-12-11 13:46:52,246 - DEBUG - 🔗 Foreign keys for alphabeta: [{'name': 'FK__alphabeta__compo__3E1D39E1', 'constrained_columns': ['component_id'], 'referred_schema': None, 'referred_table': 'system_configuration', 'referred_columns': ['component_id'], 'options': {}}]
2025-12-11 13:46:52,246 - DEBUG - 🔗 Added relationship: alphabeta.component_id -> system_configuration.component_id
2025-12-11 13:46:52,251 - DEBUG - 🔗 Foreign keys for departments: [{'name': 'FK__departmen__ship___47DBAE45', 'constrained_columns': ['ship_id'], 'referred_schema': None, 'referred_table': 'ships', 'referred_columns': ['ship_id'], 'options': {}}]
2025-12-11 13:46:52,251 - DEBUG - 🔗 Added relationship: departments.ship_id -> ships.ship_id
2025-12-11 13:46:52,255 - DEBUG - 🔗 Foreign keys for etabeta: [{'name': 'FK__etabeta__compone__40F9A68C', 'constrained_columns': ['component_id'], 'referred_schema': None, 'referred_table': 'system_configuration', 'referred_columns': ['component_id'], 'options': {}}]
2025-12-11 13:46:52,255 - DEBUG - 🔗 Added relationship: etabeta.component_id -> system_configuration.component_id
2025-12-11 13:46:52,260 - DEBUG - 🔗 Foreign keys for etl_audit_log: [{'name': 'FK__etl_audit__compo__55009F39', 'constrained_columns': ['component_id'], 'referred_schema': None, 'referred_table': 'system_configuration', 'referred_columns': ['component_id'], 'options': {}}]
2025-12-11 13:46:52,260 - DEBUG - 🔗 Added relationship: etl_audit_log.component_id -> system_configuration.component_id
2025-12-11 13:46:52,267 - DEBUG - 🔗 Foreign keys for etl_schedule: [{'name': 'FK__etl_sched__compo__57DD0BE4', 'constrained_columns': ['component_id'], 'referred_schema': None, 'referred_table': 'system_configuration', 'referred_columns': ['component_id'], 'options': {}}]
2025-12-11 13:46:52,267 - DEBUG - 🔗 Added relationship: etl_schedule.component_id -> system_configuration.component_id
2025-12-11 13:46:52,272 - DEBUG - 🔗 Foreign keys for failure_modes: [{'name': 'FK__failure_m__compo__37703C52', 'constrained_columns': ['component_id'], 'referred_schema': None, 'referred_table': 'system_configuration', 'referred_columns': ['component_id'], 'options': {}}]
2025-12-11 13:46:52,272 - DEBUG - 🔗 Added relationship: failure_modes.component_id -> system_configuration.component_id
2025-12-11 13:46:52,277 - DEBUG - 🔗 Foreign keys for Mission_configurations: [{'name': 'fk_mission_ship', 'constrained_columns': ['ship_id'], 'referred_schema': None, 'referred_table': 'ships', 'referred_columns': ['ship_id'], 'options': {}}]
2025-12-11 13:46:52,277 - DEBUG - 🔗 Added relationship: Mission_configurations.ship_id -> ships.ship_id
2025-12-11 13:46:52,283 - DEBUG - 🔗 Foreign keys for monthly_utilization: [{'name': 'FK__monthly_u__compo__2EDAF651', 'constrained_columns': ['component_id'], 'referred_schema': None, 'referred_table': 'system_configuration', 'referred_columns': ['component_id'], 'options': {}}]
2025-12-11 13:46:52,283 - DEBUG - 🔗 Added relationship: monthly_utilization.component_id -> system_configuration.component_id
2025-12-11 13:46:52,288 - DEBUG - 🔗 Foreign keys for Overhaul_metadata: [{'name': 'FK__Overhaul___compo__214BF109', 'constrained_columns': ['component_id'], 'referred_schema': None, 'referred_table': 'system_configuration', 'referred_columns': ['component_id'], 'options': {}}]
2025-12-11 13:46:52,288 - DEBUG - 🔗 Added relationship: Overhaul_metadata.component_id -> system_configuration.component_id
2025-12-11 13:46:52,294 - DEBUG - 🔗 Foreign keys for Overhaul_Readings: [{'name': 'FK__Overhaul___compo__1E6F845E', 'constrained_columns': ['component_id'], 'referred_schema': None, 'referred_table': 'system_configuration', 'referred_columns': ['component_id'], 'options': {}}]
2025-12-11 13:46:52,294 - DEBUG - 🔗 Added relationship: Overhaul_Readings.component_id -> system_configuration.component_id
2025-12-11 13:46:52,299 - DEBUG - 🔗 Foreign keys for rcm: [{'name': 'FK__rcm__component_i__308E3499', 'constrained_columns': ['component_id'], 'referred_schema': None, 'referred_table': 'system_configuration', 'referred_columns': ['component_id'], 'options': {}}]
2025-12-11 13:46:52,299 - DEBUG - 🔗 Added relationship: rcm.component_id -> system_configuration.component_id
2025-12-11 13:46:52,303 - DEBUG - 🔗 Foreign keys for refresh_tokens: [{'name': 'FK__refresh_t__user___49C3F6B7', 'constrained_columns': ['user_id'], 'referred_schema': None, 'referred_table': 'users', 'referred_columns': ['id'], 'options': {}}]
2025-12-11 13:46:52,303 - DEBUG - 🔗 Added relationship: refresh_tokens.user_id -> users.id
2025-12-11 13:46:52,308 - DEBUG - 🔗 Foreign keys for sensor_metadata: [{'name': 'FK__sensor_me__compo__31B762FC', 'constrained_columns': ['component_id'], 'referred_schema': None, 'referred_table': 'system_configuration', 'referred_columns': ['component_id'], 'options': {}}, {'name': 'FK__sensor_me__failu__32AB8735', 'constrained_columns': ['failure_mode_id'], 'referred_schema': None, 'referred_table': 'failure_modes', 'referred_columns': ['failure_mode_id'], 'options': {}}]
2025-12-11 13:46:52,308 - DEBUG - 🔗 Added relationship: sensor_metadata.component_id -> system_configuration.component_id
2025-12-11 13:46:52,308 - DEBUG - 🔗 Added relationship: sensor_metadata.failure_mode_id -> failure_modes.failure_mode_id
2025-12-11 13:46:52,314 - DEBUG - 🔗 Foreign keys for sensor_readings: [{'name': 'FK__sensor_re__compo__3587F3E0', 'constrained_columns': ['component_id'], 'referred_schema': None, 'referred_table': 'system_configuration', 'referred_columns': ['component_id'], 'options': {}}, {'name': 'FK__sensor_re__senso__367C1819', 'constrained_columns': ['sensor_id'], 'referred_schema': None, 'referred_table': 'sensor_metadata', 'referred_columns': ['sensor_id'], 'options': {}}]
2025-12-11 13:46:52,314 - DEBUG - 🔗 Added relationship: sensor_readings.component_id -> system_configuration.component_id
2025-12-11 13:46:52,314 - DEBUG - 🔗 Added relationship: sensor_readings.sensor_id -> sensor_metadata.sensor_id
2025-12-11 13:46:52,318 - DEBUG - 🔗 Foreign keys for ships: []
2025-12-11 13:46:52,323 - DEBUG - 🔗 Foreign keys for system_configuration: [{'name': 'FK__system_co__depar__4BAC3F29', 'constrained_columns': ['department_id'], 'referred_schema': None, 'referred_table': 'departments', 'referred_columns': ['department_id'], 'options': {}}, {'name': 'FK__system_co__paren__4CA06362', 'constrained_columns': ['parent_id'], 'referred_schema': None, 'referred_table': 'system_configuration', 'referred_columns': ['component_id'], 'options': {}}, {'name': 'FK__system_co__ship___3864608B', 'constrained_columns': ['ship_id'], 'referred_schema': None, 'referred_table': 'ships', 'referred_columns': ['ship_id'], 'options': {}}, {'name': 'FK__system_co__syste__47A6A41B', 'constrained_columns': ['system_id'], 'referred_schema': None, 'referred_table': 'systems', 'referred_columns': ['system_id'], 'options': {}}]
2025-12-11 13:46:52,323 - DEBUG - 🔗 Added relationship: system_configuration.department_id -> departments.department_id
2025-12-11 13:46:52,323 - DEBUG - 🔗 Added relationship: system_configuration.parent_id -> system_configuration.component_id
2025-12-11 13:46:52,323 - DEBUG - 🔗 Added relationship: system_configuration.ship_id -> ships.ship_id
2025-12-11 13:46:52,323 - DEBUG - 🔗 Added relationship: system_configuration.system_id -> systems.system_id
2025-12-11 13:46:52,328 - DEBUG - 🔗 Foreign keys for systems: []
2025-12-11 13:46:52,332 - DEBUG - 🔗 Foreign keys for users: []
2025-12-11 13:46:52,332 - INFO - ✅ Schema loading complete. Found 19 tables and 20 relationships
2025-12-11 13:46:52,332 - DEBUG - 🔍 Relationship Details:
2025-12-11 13:46:52,333 - DEBUG -   ('alphabeta', 'system_configuration') -> ('alphabeta.component_id', 'system_configuration.component_id')
2025-12-11 13:46:52,333 - DEBUG -   ('departments', 'ships') -> ('departments.ship_id', 'ships.ship_id')
2025-12-11 13:46:52,333 - DEBUG -   ('etabeta', 'system_configuration') -> ('etabeta.component_id', 'system_configuration.component_id')
2025-12-11 13:46:52,333 - DEBUG -   ('etl_audit_log', 'system_configuration') -> ('etl_audit_log.component_id', 'system_configuration.component_id')
2025-12-11 13:46:52,333 - DEBUG -   ('etl_schedule', 'system_configuration') -> ('etl_schedule.component_id', 'system_configuration.component_id')
2025-12-11 13:46:52,333 - DEBUG -   ('failure_modes', 'system_configuration') -> ('failure_modes.component_id', 'system_configuration.component_id')
2025-12-11 13:46:52,333 - DEBUG -   ('Mission_configurations', 'ships') -> ('Mission_configurations.ship_id', 'ships.ship_id')
2025-12-11 13:46:52,333 - DEBUG -   ('monthly_utilization', 'system_configuration') -> ('monthly_utilization.component_id', 'system_configuration.component_id')
2025-12-11 13:46:52,333 - DEBUG -   ('Overhaul_metadata', 'system_configuration') -> ('Overhaul_metadata.component_id', 'system_configuration.component_id')
2025-12-11 13:46:52,333 - DEBUG -   ('Overhaul_Readings', 'system_configuration') -> ('Overhaul_Readings.component_id', 'system_configuration.component_id')
2025-12-11 13:46:52,333 - DEBUG -   ('rcm', 'system_configuration') -> ('rcm.component_id', 'system_configuration.component_id')
2025-12-11 13:46:52,333 - DEBUG -   ('refresh_tokens', 'users') -> ('refresh_tokens.user_id', 'users.id')
2025-12-11 13:46:52,333 - DEBUG -   ('sensor_metadata', 'system_configuration') -> ('sensor_metadata.component_id', 'system_configuration.component_id')
2025-12-11 13:46:52,333 - DEBUG -   ('sensor_metadata', 'failure_modes') -> ('sensor_metadata.failure_mode_id', 'failure_modes.failure_mode_id')
2025-12-11 13:46:52,333 - DEBUG -   ('sensor_readings', 'system_configuration') -> ('sensor_readings.component_id', 'system_configuration.component_id')
2025-12-11 13:46:52,333 - DEBUG -   ('sensor_readings', 'sensor_metadata') -> ('sensor_readings.sensor_id', 'sensor_metadata.sensor_id')
2025-12-11 13:46:52,333 - DEBUG -   ('system_configuration', 'departments') -> ('system_configuration.department_id', 'departments.department_id')
2025-12-11 13:46:52,333 - DEBUG -   ('system_configuration', 'system_configuration') -> ('system_configuration.parent_id', 'system_configuration.component_id')
2025-12-11 13:46:52,333 - DEBUG -   ('system_configuration', 'ships') -> ('system_configuration.ship_id', 'ships.ship_id')
2025-12-11 13:46:52,334 - DEBUG -   ('system_configuration', 'systems') -> ('system_configuration.system_id', 'systems.system_id')
2025-12-11 13:46:52,334 - INFO - 📌 Loaded conversation memory from disk.
2025-12-11 13:46:52,334 - INFO - 📌 Initialized memory: Last 5 exchanges
2025-12-11 13:46:56,452 - INFO - Loading configuration from: /home/user/IITB/netra/backend/utils/config.yaml
2025-12-11 13:46:56,467 - INFO - Initializing LLMClient with Ollama model: codellama:7b-instruct
2025-12-11 13:46:56,467 - INFO - Loading configuration from: /home/user/IITB/netra/backend/utils/config.yaml
2025-12-11 13:46:56,482 - INFO - Loading configuration from: /home/user/IITB/netra/backend/utils/config.yaml
2025-12-11 13:46:56,497 - INFO - Initializing LLMClient with Ollama model: codellama:7b-instruct
2025-12-11 13:46:56,507 - INFO - ✅ Database engine created with URL: mssql+pyodbc://sa:Camlab110@localhost:1433/NetraKoshx?driver=ODBC+Driver+18+for+SQL+Server&TrustServerCertificate=yes&timeout=300
2025-12-11 13:46:56,527 - INFO - 🔍 Found tables: ['alembic_version', 'alphabeta', 'departments', 'etabeta', 'etl_audit_log', 'etl_schedule', 'failure_modes', 'Mission_configurations', 'monthly_utilization', 'Overhaul_metadata', 'Overhaul_Readings', 'rcm', 'refresh_tokens', 'sensor_metadata', 'sensor_readings', 'ships', 'system_configuration', 'systems', 'users']
2025-12-11 13:46:56,533 - DEBUG - 📊 Table alembic_version columns: ['version_num']
2025-12-11 13:46:56,536 - DEBUG - 📊 Table alphabeta columns: ['id', 'alpha', 'beta', 'component_id']
2025-12-11 13:46:56,539 - DEBUG - 📊 Table departments columns: ['ship_id', 'department_name', 'department_code', 'department_id', 'created_date', 'modified_date']
2025-12-11 13:46:56,541 - DEBUG - 📊 Table etabeta columns: ['id', 'eta', 'beta', 'component_id', 'priority']
2025-12-11 13:46:56,545 - DEBUG - 📊 Table etl_audit_log columns: ['log_id', 'run_id', 'component_id', 'ship_name', 'nomenclature', 'start_time', 'end_time', 'duration_ms', 'rows_processed', 'rows_inserted', 'rows_updated', 'status', 'error_details', 'retry_attempt', 'created_at']
2025-12-11 13:46:56,547 - DEBUG - 📊 Table etl_schedule columns: ['component_id', 'frequency_minutes', 'last_run_time', 'next_run_time', 'status', 'retry_count', 'max_retries', 'error_message', 'created_at', 'updated_at']
2025-12-11 13:46:56,550 - DEBUG - 📊 Table failure_modes columns: ['name', 'severity', 'component_id', 'failure_mode_id']
2025-12-11 13:46:56,553 - DEBUG - 📊 Table Mission_configurations columns: ['config_name', 'id', 'created_date', 'modified_date', 'configuration', 'ship_id', 'ship_name']
2025-12-11 13:46:56,555 - DEBUG - 📊 Table monthly_utilization columns: ['id', 'operation_date', 'utlization', 'component_id']
2025-12-11 13:46:56,558 - DEBUG - 📊 Table Overhaul_metadata columns: ['id', 'component_id', 'overhaul_frequency_hours', 'total_overhaul_events', 'last_overhaul_date']
2025-12-11 13:46:56,560 - DEBUG - 📊 Table Overhaul_Readings columns: ['id', 'component_id', 'maintenance_type', 'defect_date', 'cmms_running_age', 'running_age']
2025-12-11 13:46:56,563 - DEBUG - 📊 Table rcm columns: ['rcm_id', 'component_id', 'decision_path', 'maintenance_policy', 'created_date', 'modified_date']
2025-12-11 13:46:56,565 - DEBUG - 📊 Table refresh_tokens columns: ['id', 'token', 'user_id', 'expires_at', 'created_at', 'is_revoked']
2025-12-11 13:46:56,568 - DEBUG - 📊 Table sensor_metadata columns: ['sensor_name', 'unit', 'min_value', 'max_value', 'frequency', 'P', 'F', 'component_id', 'sensor_id', 'failure_mode_id']
2025-12-11 13:46:56,571 - DEBUG - 📊 Table sensor_readings columns: ['value', 'operating_hours', 'alert', 'id', 'date', 'component_id', 'sensor_id']
2025-12-11 13:46:56,574 - DEBUG - 📊 Table ships columns: ['ship_name', 'ship_category', 'ship_class', 'command', 'ship_id', 'created_date', 'modified_date']
2025-12-11 13:46:56,577 - DEBUG - 📊 Table system_configuration columns: ['component_name', 'parent_id', 'department_id', 'CMMS_EquipmentCode', 'is_lmu', 'parent_name', 'nomenclature', 'etl', 'component_id', 'created_date', 'modified_date', 'ship_id', 'system_id', 'RepairType']
2025-12-11 13:46:56,579 - DEBUG - 📊 Table systems columns: ['system_id', 'system_type', 'created_date']
2025-12-11 13:46:56,582 - DEBUG - 📊 Table users columns: ['email', 'username', 'full_name', 'role', 'is_active', 'id', 'hashed_password', 'created_at', 'updated_at', 'last_login']
2025-12-11 13:46:56,588 - DEBUG - 🔗 Foreign keys for alembic_version: []
2025-12-11 13:46:56,592 - DEBUG - 🔗 Foreign keys for alphabeta: [{'name': 'FK__alphabeta__compo__3E1D39E1', 'constrained_columns': ['component_id'], 'referred_schema': None, 'referred_table': 'system_configuration', 'referred_columns': ['component_id'], 'options': {}}]
2025-12-11 13:46:56,592 - DEBUG - 🔗 Added relationship: alphabeta.component_id -> system_configuration.component_id
2025-12-11 13:46:56,597 - DEBUG - 🔗 Foreign keys for departments: [{'name': 'FK__departmen__ship___47DBAE45', 'constrained_columns': ['ship_id'], 'referred_schema': None, 'referred_table': 'ships', 'referred_columns': ['ship_id'], 'options': {}}]
2025-12-11 13:46:56,597 - DEBUG - 🔗 Added relationship: departments.ship_id -> ships.ship_id
2025-12-11 13:46:56,602 - DEBUG - 🔗 Foreign keys for etabeta: [{'name': 'FK__etabeta__compone__40F9A68C', 'constrained_columns': ['component_id'], 'referred_schema': None, 'referred_table': 'system_configuration', 'referred_columns': ['component_id'], 'options': {}}]
2025-12-11 13:46:56,602 - DEBUG - 🔗 Added relationship: etabeta.component_id -> system_configuration.component_id
2025-12-11 13:46:56,606 - DEBUG - 🔗 Foreign keys for etl_audit_log: [{'name': 'FK__etl_audit__compo__55009F39', 'constrained_columns': ['component_id'], 'referred_schema': None, 'referred_table': 'system_configuration', 'referred_columns': ['component_id'], 'options': {}}]
2025-12-11 13:46:56,606 - DEBUG - 🔗 Added relationship: etl_audit_log.component_id -> system_configuration.component_id
2025-12-11 13:46:56,611 - DEBUG - 🔗 Foreign keys for etl_schedule: [{'name': 'FK__etl_sched__compo__57DD0BE4', 'constrained_columns': ['component_id'], 'referred_schema': None, 'referred_table': 'system_configuration', 'referred_columns': ['component_id'], 'options': {}}]
2025-12-11 13:46:56,611 - DEBUG - 🔗 Added relationship: etl_schedule.component_id -> system_configuration.component_id
2025-12-11 13:46:56,616 - DEBUG - 🔗 Foreign keys for failure_modes: [{'name': 'FK__failure_m__compo__37703C52', 'constrained_columns': ['component_id'], 'referred_schema': None, 'referred_table': 'system_configuration', 'referred_columns': ['component_id'], 'options': {}}]
2025-12-11 13:46:56,616 - DEBUG - 🔗 Added relationship: failure_modes.component_id -> system_configuration.component_id
2025-12-11 13:46:56,621 - DEBUG - 🔗 Foreign keys for Mission_configurations: [{'name': 'fk_mission_ship', 'constrained_columns': ['ship_id'], 'referred_schema': None, 'referred_table': 'ships', 'referred_columns': ['ship_id'], 'options': {}}]
2025-12-11 13:46:56,621 - DEBUG - 🔗 Added relationship: Mission_configurations.ship_id -> ships.ship_id
2025-12-11 13:46:56,626 - DEBUG - 🔗 Foreign keys for monthly_utilization: [{'name': 'FK__monthly_u__compo__2EDAF651', 'constrained_columns': ['component_id'], 'referred_schema': None, 'referred_table': 'system_configuration', 'referred_columns': ['component_id'], 'options': {}}]
2025-12-11 13:46:56,626 - DEBUG - 🔗 Added relationship: monthly_utilization.component_id -> system_configuration.component_id
2025-12-11 13:46:56,630 - DEBUG - 🔗 Foreign keys for Overhaul_metadata: [{'name': 'FK__Overhaul___compo__214BF109', 'constrained_columns': ['component_id'], 'referred_schema': None, 'referred_table': 'system_configuration', 'referred_columns': ['component_id'], 'options': {}}]
2025-12-11 13:46:56,630 - DEBUG - 🔗 Added relationship: Overhaul_metadata.component_id -> system_configuration.component_id
2025-12-11 13:46:56,635 - DEBUG - 🔗 Foreign keys for Overhaul_Readings: [{'name': 'FK__Overhaul___compo__1E6F845E', 'constrained_columns': ['component_id'], 'referred_schema': None, 'referred_table': 'system_configuration', 'referred_columns': ['component_id'], 'options': {}}]
2025-12-11 13:46:56,635 - DEBUG - 🔗 Added relationship: Overhaul_Readings.component_id -> system_configuration.component_id
2025-12-11 13:46:56,640 - DEBUG - 🔗 Foreign keys for rcm: [{'name': 'FK__rcm__component_i__308E3499', 'constrained_columns': ['component_id'], 'referred_schema': None, 'referred_table': 'system_configuration', 'referred_columns': ['component_id'], 'options': {}}]
2025-12-11 13:46:56,640 - DEBUG - 🔗 Added relationship: rcm.component_id -> system_configuration.component_id
2025-12-11 13:46:56,644 - DEBUG - 🔗 Foreign keys for refresh_tokens: [{'name': 'FK__refresh_t__user___49C3F6B7', 'constrained_columns': ['user_id'], 'referred_schema': None, 'referred_table': 'users', 'referred_columns': ['id'], 'options': {}}]
2025-12-11 13:46:56,645 - DEBUG - 🔗 Added relationship: refresh_tokens.user_id -> users.id
2025-12-11 13:46:56,649 - DEBUG - 🔗 Foreign keys for sensor_metadata: [{'name': 'FK__sensor_me__compo__31B762FC', 'constrained_columns': ['component_id'], 'referred_schema': None, 'referred_table': 'system_configuration', 'referred_columns': ['component_id'], 'options': {}}, {'name': 'FK__sensor_me__failu__32AB8735', 'constrained_columns': ['failure_mode_id'], 'referred_schema': None, 'referred_table': 'failure_modes', 'referred_columns': ['failure_mode_id'], 'options': {}}]
2025-12-11 13:46:56,649 - DEBUG - 🔗 Added relationship: sensor_metadata.component_id -> system_configuration.component_id
2025-12-11 13:46:56,649 - DEBUG - 🔗 Added relationship: sensor_metadata.failure_mode_id -> failure_modes.failure_mode_id
2025-12-11 13:46:56,654 - DEBUG - 🔗 Foreign keys for sensor_readings: [{'name': 'FK__sensor_re__compo__3587F3E0', 'constrained_columns': ['component_id'], 'referred_schema': None, 'referred_table': 'system_configuration', 'referred_columns': ['component_id'], 'options': {}}, {'name': 'FK__sensor_re__senso__367C1819', 'constrained_columns': ['sensor_id'], 'referred_schema': None, 'referred_table': 'sensor_metadata', 'referred_columns': ['sensor_id'], 'options': {}}]
2025-12-11 13:46:56,654 - DEBUG - 🔗 Added relationship: sensor_readings.component_id -> system_configuration.component_id
2025-12-11 13:46:56,654 - DEBUG - 🔗 Added relationship: sensor_readings.sensor_id -> sensor_metadata.sensor_id
2025-12-11 13:46:56,659 - DEBUG - 🔗 Foreign keys for ships: []
2025-12-11 13:46:56,664 - DEBUG - 🔗 Foreign keys for system_configuration: [{'name': 'FK__system_co__depar__4BAC3F29', 'constrained_columns': ['department_id'], 'referred_schema': None, 'referred_table': 'departments', 'referred_columns': ['department_id'], 'options': {}}, {'name': 'FK__system_co__paren__4CA06362', 'constrained_columns': ['parent_id'], 'referred_schema': None, 'referred_table': 'system_configuration', 'referred_columns': ['component_id'], 'options': {}}, {'name': 'FK__system_co__ship___3864608B', 'constrained_columns': ['ship_id'], 'referred_schema': None, 'referred_table': 'ships', 'referred_columns': ['ship_id'], 'options': {}}, {'name': 'FK__system_co__syste__47A6A41B', 'constrained_columns': ['system_id'], 'referred_schema': None, 'referred_table': 'systems', 'referred_columns': ['system_id'], 'options': {}}]
2025-12-11 13:46:56,664 - DEBUG - 🔗 Added relationship: system_configuration.department_id -> departments.department_id
2025-12-11 13:46:56,664 - DEBUG - 🔗 Added relationship: system_configuration.parent_id -> system_configuration.component_id
2025-12-11 13:46:56,664 - DEBUG - 🔗 Added relationship: system_configuration.ship_id -> ships.ship_id
2025-12-11 13:46:56,664 - DEBUG - 🔗 Added relationship: system_configuration.system_id -> systems.system_id
2025-12-11 13:46:56,669 - DEBUG - 🔗 Foreign keys for systems: []
2025-12-11 13:46:56,673 - DEBUG - 🔗 Foreign keys for users: []
2025-12-11 13:46:56,673 - INFO - ✅ Schema loading complete. Found 19 tables and 20 relationships
2025-12-11 13:46:56,673 - DEBUG - 🔍 Relationship Details:
2025-12-11 13:46:56,673 - DEBUG -   ('alphabeta', 'system_configuration') -> ('alphabeta.component_id', 'system_configuration.component_id')
2025-12-11 13:46:56,673 - DEBUG -   ('departments', 'ships') -> ('departments.ship_id', 'ships.ship_id')
2025-12-11 13:46:56,673 - DEBUG -   ('etabeta', 'system_configuration') -> ('etabeta.component_id', 'system_configuration.component_id')
2025-12-11 13:46:56,673 - DEBUG -   ('etl_audit_log', 'system_configuration') -> ('etl_audit_log.component_id', 'system_configuration.component_id')
2025-12-11 13:46:56,674 - DEBUG -   ('etl_schedule', 'system_configuration') -> ('etl_schedule.component_id', 'system_configuration.component_id')
2025-12-11 13:46:56,674 - DEBUG -   ('failure_modes', 'system_configuration') -> ('failure_modes.component_id', 'system_configuration.component_id')
2025-12-11 13:46:56,674 - DEBUG -   ('Mission_configurations', 'ships') -> ('Mission_configurations.ship_id', 'ships.ship_id')
2025-12-11 13:46:56,674 - DEBUG -   ('monthly_utilization', 'system_configuration') -> ('monthly_utilization.component_id', 'system_configuration.component_id')
2025-12-11 13:46:56,674 - DEBUG -   ('Overhaul_metadata', 'system_configuration') -> ('Overhaul_metadata.component_id', 'system_configuration.component_id')
2025-12-11 13:46:56,674 - DEBUG -   ('Overhaul_Readings', 'system_configuration') -> ('Overhaul_Readings.component_id', 'system_configuration.component_id')
2025-12-11 13:46:56,674 - DEBUG -   ('rcm', 'system_configuration') -> ('rcm.component_id', 'system_configuration.component_id')
2025-12-11 13:46:56,674 - DEBUG -   ('refresh_tokens', 'users') -> ('refresh_tokens.user_id', 'users.id')
2025-12-11 13:46:56,674 - DEBUG -   ('sensor_metadata', 'system_configuration') -> ('sensor_metadata.component_id', 'system_configuration.component_id')
2025-12-11 13:46:56,674 - DEBUG -   ('sensor_metadata', 'failure_modes') -> ('sensor_metadata.failure_mode_id', 'failure_modes.failure_mode_id')
2025-12-11 13:46:56,674 - DEBUG -   ('sensor_readings', 'system_configuration') -> ('sensor_readings.component_id', 'system_configuration.component_id')
2025-12-11 13:46:56,674 - DEBUG -   ('sensor_readings', 'sensor_metadata') -> ('sensor_readings.sensor_id', 'sensor_metadata.sensor_id')
2025-12-11 13:46:56,674 - DEBUG -   ('system_configuration', 'departments') -> ('system_configuration.department_id', 'departments.department_id')
2025-12-11 13:46:56,674 - DEBUG -   ('system_configuration', 'system_configuration') -> ('system_configuration.parent_id', 'system_configuration.component_id')
2025-12-11 13:46:56,675 - DEBUG -   ('system_configuration', 'ships') -> ('system_configuration.ship_id', 'ships.ship_id')
2025-12-11 13:46:56,675 - DEBUG -   ('system_configuration', 'systems') -> ('system_configuration.system_id', 'systems.system_id')
2025-12-11 13:46:56,675 - INFO - 📌 Loaded conversation memory from disk.
2025-12-11 13:46:56,676 - INFO - 📌 Initialized memory: Last 5 exchanges
2025-12-11 13:47:06,945 - INFO - Loading configuration from: /home/user/IITB/netra/backend/utils/config.yaml
2025-12-11 13:47:06,961 - INFO - Initializing LLMClient with Ollama model: codellama:7b-instruct
2025-12-11 13:47:06,962 - INFO - Loading configuration from: /home/user/IITB/netra/backend/utils/config.yaml
2025-12-11 13:47:06,977 - INFO - Loading configuration from: /home/user/IITB/netra/backend/utils/config.yaml
2025-12-11 13:47:06,992 - INFO - Initializing LLMClient with Ollama model: codellama:7b-instruct
2025-12-11 13:47:07,002 - INFO - ✅ Database engine created with URL: mssql+pyodbc://sa:Camlab110@localhost:1433/NetraKoshx?driver=ODBC+Driver+18+for+SQL+Server&TrustServerCertificate=yes&timeout=300
2025-12-11 13:47:07,021 - INFO - 🔍 Found tables: ['alembic_version', 'alphabeta', 'departments', 'etabeta', 'etl_audit_log', 'etl_schedule', 'failure_modes', 'Mission_configurations', 'monthly_utilization', 'Overhaul_metadata', 'Overhaul_Readings', 'rcm', 'refresh_tokens', 'sensor_metadata', 'sensor_readings', 'ships', 'system_configuration', 'systems', 'users']
2025-12-11 13:47:07,027 - DEBUG - 📊 Table alembic_version columns: ['version_num']
2025-12-11 13:47:07,031 - DEBUG - 📊 Table alphabeta columns: ['id', 'alpha', 'beta', 'component_id']
2025-12-11 13:47:07,034 - DEBUG - 📊 Table departments columns: ['ship_id', 'department_name', 'department_code', 'department_id', 'created_date', 'modified_date']
2025-12-11 13:47:07,037 - DEBUG - 📊 Table etabeta columns: ['id', 'eta', 'beta', 'component_id', 'priority']
2025-12-11 13:47:07,041 - DEBUG - 📊 Table etl_audit_log columns: ['log_id', 'run_id', 'component_id', 'ship_name', 'nomenclature', 'start_time', 'end_time', 'duration_ms', 'rows_processed', 'rows_inserted', 'rows_updated', 'status', 'error_details', 'retry_attempt', 'created_at']
2025-12-11 13:47:07,045 - DEBUG - 📊 Table etl_schedule columns: ['component_id', 'frequency_minutes', 'last_run_time', 'next_run_time', 'status', 'retry_count', 'max_retries', 'error_message', 'created_at', 'updated_at']
2025-12-11 13:47:07,048 - DEBUG - 📊 Table failure_modes columns: ['name', 'severity', 'component_id', 'failure_mode_id']
2025-12-11 13:47:07,051 - DEBUG - 📊 Table Mission_configurations columns: ['config_name', 'id', 'created_date', 'modified_date', 'configuration', 'ship_id', 'ship_name']
2025-12-11 13:47:07,053 - DEBUG - 📊 Table monthly_utilization columns: ['id', 'operation_date', 'utlization', 'component_id']
2025-12-11 13:47:07,056 - DEBUG - 📊 Table Overhaul_metadata columns: ['id', 'component_id', 'overhaul_frequency_hours', 'total_overhaul_events', 'last_overhaul_date']
2025-12-11 13:47:07,059 - DEBUG - 📊 Table Overhaul_Readings columns: ['id', 'component_id', 'maintenance_type', 'defect_date', 'cmms_running_age', 'running_age']
2025-12-11 13:47:07,061 - DEBUG - 📊 Table rcm columns: ['rcm_id', 'component_id', 'decision_path', 'maintenance_policy', 'created_date', 'modified_date']
2025-12-11 13:47:07,064 - DEBUG - 📊 Table refresh_tokens columns: ['id', 'token', 'user_id', 'expires_at', 'created_at', 'is_revoked']
2025-12-11 13:47:07,067 - DEBUG - 📊 Table sensor_metadata columns: ['sensor_name', 'unit', 'min_value', 'max_value', 'frequency', 'P', 'F', 'component_id', 'sensor_id', 'failure_mode_id']
2025-12-11 13:47:07,069 - DEBUG - 📊 Table sensor_readings columns: ['value', 'operating_hours', 'alert', 'id', 'date', 'component_id', 'sensor_id']
2025-12-11 13:47:07,072 - DEBUG - 📊 Table ships columns: ['ship_name', 'ship_category', 'ship_class', 'command', 'ship_id', 'created_date', 'modified_date']
2025-12-11 13:47:07,075 - DEBUG - 📊 Table system_configuration columns: ['component_name', 'parent_id', 'department_id', 'CMMS_EquipmentCode', 'is_lmu', 'parent_name', 'nomenclature', 'etl', 'component_id', 'created_date', 'modified_date', 'ship_id', 'system_id', 'RepairType']
2025-12-11 13:47:07,078 - DEBUG - 📊 Table systems columns: ['system_id', 'system_type', 'created_date']
2025-12-11 13:47:07,081 - DEBUG - 📊 Table users columns: ['email', 'username', 'full_name', 'role', 'is_active', 'id', 'hashed_password', 'created_at', 'updated_at', 'last_login']
2025-12-11 13:47:07,086 - DEBUG - 🔗 Foreign keys for alembic_version: []
2025-12-11 13:47:07,091 - DEBUG - 🔗 Foreign keys for alphabeta: [{'name': 'FK__alphabeta__compo__3E1D39E1', 'constrained_columns': ['component_id'], 'referred_schema': None, 'referred_table': 'system_configuration', 'referred_columns': ['component_id'], 'options': {}}]
2025-12-11 13:47:07,091 - DEBUG - 🔗 Added relationship: alphabeta.component_id -> system_configuration.component_id
2025-12-11 13:47:07,095 - DEBUG - 🔗 Foreign keys for departments: [{'name': 'FK__departmen__ship___47DBAE45', 'constrained_columns': ['ship_id'], 'referred_schema': None, 'referred_table': 'ships', 'referred_columns': ['ship_id'], 'options': {}}]
2025-12-11 13:47:07,095 - DEBUG - 🔗 Added relationship: departments.ship_id -> ships.ship_id
2025-12-11 13:47:07,100 - DEBUG - 🔗 Foreign keys for etabeta: [{'name': 'FK__etabeta__compone__40F9A68C', 'constrained_columns': ['component_id'], 'referred_schema': None, 'referred_table': 'system_configuration', 'referred_columns': ['component_id'], 'options': {}}]
2025-12-11 13:47:07,100 - DEBUG - 🔗 Added relationship: etabeta.component_id -> system_configuration.component_id
2025-12-11 13:47:07,105 - DEBUG - 🔗 Foreign keys for etl_audit_log: [{'name': 'FK__etl_audit__compo__55009F39', 'constrained_columns': ['component_id'], 'referred_schema': None, 'referred_table': 'system_configuration', 'referred_columns': ['component_id'], 'options': {}}]
2025-12-11 13:47:07,105 - DEBUG - 🔗 Added relationship: etl_audit_log.component_id -> system_configuration.component_id
2025-12-11 13:47:07,110 - DEBUG - 🔗 Foreign keys for etl_schedule: [{'name': 'FK__etl_sched__compo__57DD0BE4', 'constrained_columns': ['component_id'], 'referred_schema': None, 'referred_table': 'system_configuration', 'referred_columns': ['component_id'], 'options': {}}]
2025-12-11 13:47:07,110 - DEBUG - 🔗 Added relationship: etl_schedule.component_id -> system_configuration.component_id
2025-12-11 13:47:07,115 - DEBUG - 🔗 Foreign keys for failure_modes: [{'name': 'FK__failure_m__compo__37703C52', 'constrained_columns': ['component_id'], 'referred_schema': None, 'referred_table': 'system_configuration', 'referred_columns': ['component_id'], 'options': {}}]
2025-12-11 13:47:07,115 - DEBUG - 🔗 Added relationship: failure_modes.component_id -> system_configuration.component_id
2025-12-11 13:47:07,120 - DEBUG - 🔗 Foreign keys for Mission_configurations: [{'name': 'fk_mission_ship', 'constrained_columns': ['ship_id'], 'referred_schema': None, 'referred_table': 'ships', 'referred_columns': ['ship_id'], 'options': {}}]
2025-12-11 13:47:07,120 - DEBUG - 🔗 Added relationship: Mission_configurations.ship_id -> ships.ship_id
2025-12-11 13:47:07,124 - DEBUG - 🔗 Foreign keys for monthly_utilization: [{'name': 'FK__monthly_u__compo__2EDAF651', 'constrained_columns': ['component_id'], 'referred_schema': None, 'referred_table': 'system_configuration', 'referred_columns': ['component_id'], 'options': {}}]
2025-12-11 13:47:07,124 - DEBUG - 🔗 Added relationship: monthly_utilization.component_id -> system_configuration.component_id
2025-12-11 13:47:07,130 - DEBUG - 🔗 Foreign keys for Overhaul_metadata: [{'name': 'FK__Overhaul___compo__214BF109', 'constrained_columns': ['component_id'], 'referred_schema': None, 'referred_table': 'system_configuration', 'referred_columns': ['component_id'], 'options': {}}]
2025-12-11 13:47:07,130 - DEBUG - 🔗 Added relationship: Overhaul_metadata.component_id -> system_configuration.component_id
2025-12-11 13:47:07,135 - DEBUG - 🔗 Foreign keys for Overhaul_Readings: [{'name': 'FK__Overhaul___compo__1E6F845E', 'constrained_columns': ['component_id'], 'referred_schema': None, 'referred_table': 'system_configuration', 'referred_columns': ['component_id'], 'options': {}}]
2025-12-11 13:47:07,135 - DEBUG - 🔗 Added relationship: Overhaul_Readings.component_id -> system_configuration.component_id
2025-12-11 13:47:07,140 - DEBUG - 🔗 Foreign keys for rcm: [{'name': 'FK__rcm__component_i__308E3499', 'constrained_columns': ['component_id'], 'referred_schema': None, 'referred_table': 'system_configuration', 'referred_columns': ['component_id'], 'options': {}}]
2025-12-11 13:47:07,140 - DEBUG - 🔗 Added relationship: rcm.component_id -> system_configuration.component_id
2025-12-11 13:47:07,145 - DEBUG - 🔗 Foreign keys for refresh_tokens: [{'name': 'FK__refresh_t__user___49C3F6B7', 'constrained_columns': ['user_id'], 'referred_schema': None, 'referred_table': 'users', 'referred_columns': ['id'], 'options': {}}]
2025-12-11 13:47:07,145 - DEBUG - 🔗 Added relationship: refresh_tokens.user_id -> users.id
2025-12-11 13:47:07,151 - DEBUG - 🔗 Foreign keys for sensor_metadata: [{'name': 'FK__sensor_me__compo__31B762FC', 'constrained_columns': ['component_id'], 'referred_schema': None, 'referred_table': 'system_configuration', 'referred_columns': ['component_id'], 'options': {}}, {'name': 'FK__sensor_me__failu__32AB8735', 'constrained_columns': ['failure_mode_id'], 'referred_schema': None, 'referred_table': 'failure_modes', 'referred_columns': ['failure_mode_id'], 'options': {}}]
2025-12-11 13:47:07,151 - DEBUG - 🔗 Added relationship: sensor_metadata.component_id -> system_configuration.component_id
2025-12-11 13:47:07,151 - DEBUG - 🔗 Added relationship: sensor_metadata.failure_mode_id -> failure_modes.failure_mode_id
2025-12-11 13:47:07,156 - DEBUG - 🔗 Foreign keys for sensor_readings: [{'name': 'FK__sensor_re__compo__3587F3E0', 'constrained_columns': ['component_id'], 'referred_schema': None, 'referred_table': 'system_configuration', 'referred_columns': ['component_id'], 'options': {}}, {'name': 'FK__sensor_re__senso__367C1819', 'constrained_columns': ['sensor_id'], 'referred_schema': None, 'referred_table': 'sensor_metadata', 'referred_columns': ['sensor_id'], 'options': {}}]
2025-12-11 13:47:07,156 - DEBUG - 🔗 Added relationship: sensor_readings.component_id -> system_configuration.component_id
2025-12-11 13:47:07,156 - DEBUG - 🔗 Added relationship: sensor_readings.sensor_id -> sensor_metadata.sensor_id
2025-12-11 13:47:07,161 - DEBUG - 🔗 Foreign keys for ships: []
2025-12-11 13:47:07,166 - DEBUG - 🔗 Foreign keys for system_configuration: [{'name': 'FK__system_co__depar__4BAC3F29', 'constrained_columns': ['department_id'], 'referred_schema': None, 'referred_table': 'departments', 'referred_columns': ['department_id'], 'options': {}}, {'name': 'FK__system_co__paren__4CA06362', 'constrained_columns': ['parent_id'], 'referred_schema': None, 'referred_table': 'system_configuration', 'referred_columns': ['component_id'], 'options': {}}, {'name': 'FK__system_co__ship___3864608B', 'constrained_columns': ['ship_id'], 'referred_schema': None, 'referred_table': 'ships', 'referred_columns': ['ship_id'], 'options': {}}, {'name': 'FK__system_co__syste__47A6A41B', 'constrained_columns': ['system_id'], 'referred_schema': None, 'referred_table': 'systems', 'referred_columns': ['system_id'], 'options': {}}]
2025-12-11 13:47:07,166 - DEBUG - 🔗 Added relationship: system_configuration.department_id -> departments.department_id
2025-12-11 13:47:07,166 - DEBUG - 🔗 Added relationship: system_configuration.parent_id -> system_configuration.component_id
2025-12-11 13:47:07,166 - DEBUG - 🔗 Added relationship: system_configuration.ship_id -> ships.ship_id
2025-12-11 13:47:07,166 - DEBUG - 🔗 Added relationship: system_configuration.system_id -> systems.system_id
2025-12-11 13:47:07,170 - DEBUG - 🔗 Foreign keys for systems: []
2025-12-11 13:47:07,175 - DEBUG - 🔗 Foreign keys for users: []
2025-12-11 13:47:07,175 - INFO - ✅ Schema loading complete. Found 19 tables and 20 relationships
2025-12-11 13:47:07,175 - DEBUG - 🔍 Relationship Details:
2025-12-11 13:47:07,175 - DEBUG -   ('alphabeta', 'system_configuration') -> ('alphabeta.component_id', 'system_configuration.component_id')
2025-12-11 13:47:07,175 - DEBUG -   ('departments', 'ships') -> ('departments.ship_id', 'ships.ship_id')
2025-12-11 13:47:07,175 - DEBUG -   ('etabeta', 'system_configuration') -> ('etabeta.component_id', 'system_configuration.component_id')
2025-12-11 13:47:07,175 - DEBUG -   ('etl_audit_log', 'system_configuration') -> ('etl_audit_log.component_id', 'system_configuration.component_id')
2025-12-11 13:47:07,175 - DEBUG -   ('etl_schedule', 'system_configuration') -> ('etl_schedule.component_id', 'system_configuration.component_id')
2025-12-11 13:47:07,175 - DEBUG -   ('failure_modes', 'system_configuration') -> ('failure_modes.component_id', 'system_configuration.component_id')
2025-12-11 13:47:07,175 - DEBUG -   ('Mission_configurations', 'ships') -> ('Mission_configurations.ship_id', 'ships.ship_id')
2025-12-11 13:47:07,175 - DEBUG -   ('monthly_utilization', 'system_configuration') -> ('monthly_utilization.component_id', 'system_configuration.component_id')
2025-12-11 13:47:07,175 - DEBUG -   ('Overhaul_metadata', 'system_configuration') -> ('Overhaul_metadata.component_id', 'system_configuration.component_id')
2025-12-11 13:47:07,175 - DEBUG -   ('Overhaul_Readings', 'system_configuration') -> ('Overhaul_Readings.component_id', 'system_configuration.component_id')
2025-12-11 13:47:07,176 - DEBUG -   ('rcm', 'system_configuration') -> ('rcm.component_id', 'system_configuration.component_id')
2025-12-11 13:47:07,176 - DEBUG -   ('refresh_tokens', 'users') -> ('refresh_tokens.user_id', 'users.id')
2025-12-11 13:47:07,176 - DEBUG -   ('sensor_metadata', 'system_configuration') -> ('sensor_metadata.component_id', 'system_configuration.component_id')
2025-12-11 13:47:07,176 - DEBUG -   ('sensor_metadata', 'failure_modes') -> ('sensor_metadata.failure_mode_id', 'failure_modes.failure_mode_id')
2025-12-11 13:47:07,176 - DEBUG -   ('sensor_readings', 'system_configuration') -> ('sensor_readings.component_id', 'system_configuration.component_id')
2025-12-11 13:47:07,176 - DEBUG -   ('sensor_readings', 'sensor_metadata') -> ('sensor_readings.sensor_id', 'sensor_metadata.sensor_id')
2025-12-11 13:47:07,176 - DEBUG -   ('system_configuration', 'departments') -> ('system_configuration.department_id', 'departments.department_id')
2025-12-11 13:47:07,176 - DEBUG -   ('system_configuration', 'system_configuration') -> ('system_configuration.parent_id', 'system_configuration.component_id')
2025-12-11 13:47:07,176 - DEBUG -   ('system_configuration', 'ships') -> ('system_configuration.ship_id', 'ships.ship_id')
2025-12-11 13:47:07,176 - DEBUG -   ('system_configuration', 'systems') -> ('system_configuration.system_id', 'systems.system_id')
2025-12-11 13:47:07,177 - INFO - 📌 Loaded conversation memory from disk.
2025-12-11 13:47:07,177 - INFO - 📌 Initialized memory: Last 5 exchanges
2025-12-11 13:47:09,930 - INFO - Loading configuration from: /home/user/IITB/netra/backend/utils/config.yaml
2025-12-11 13:47:09,946 - INFO - Initializing LLMClient with Ollama model: codellama:7b-instruct
2025-12-11 13:47:09,946 - INFO - Loading configuration from: /home/user/IITB/netra/backend/utils/config.yaml
2025-12-11 13:47:09,960 - INFO - Loading configuration from: /home/user/IITB/netra/backend/utils/config.yaml
2025-12-11 13:47:09,975 - INFO - Initializing LLMClient with Ollama model: codellama:7b-instruct
2025-12-11 13:47:09,984 - INFO - ✅ Database engine created with URL: mssql+pyodbc://sa:Camlab110@localhost:1433/NetraKoshx?driver=ODBC+Driver+18+for+SQL+Server&TrustServerCertificate=yes&timeout=300
2025-12-11 13:47:10,004 - INFO - 🔍 Found tables: ['alembic_version', 'alphabeta', 'departments', 'etabeta', 'etl_audit_log', 'etl_schedule', 'failure_modes', 'Mission_configurations', 'monthly_utilization', 'Overhaul_metadata', 'Overhaul_Readings', 'rcm', 'refresh_tokens', 'sensor_metadata', 'sensor_readings', 'ships', 'system_configuration', 'systems', 'users']
2025-12-11 13:47:10,010 - DEBUG - 📊 Table alembic_version columns: ['version_num']
2025-12-11 13:47:10,013 - DEBUG - 📊 Table alphabeta columns: ['id', 'alpha', 'beta', 'component_id']
2025-12-11 13:47:10,016 - DEBUG - 📊 Table departments columns: ['ship_id', 'department_name', 'department_code', 'department_id', 'created_date', 'modified_date']
2025-12-11 13:47:10,018 - DEBUG - 📊 Table etabeta columns: ['id', 'eta', 'beta', 'component_id', 'priority']
2025-12-11 13:47:10,022 - DEBUG - 📊 Table etl_audit_log columns: ['log_id', 'run_id', 'component_id', 'ship_name', 'nomenclature', 'start_time', 'end_time', 'duration_ms', 'rows_processed', 'rows_inserted', 'rows_updated', 'status', 'error_details', 'retry_attempt', 'created_at']
2025-12-11 13:47:10,025 - DEBUG - 📊 Table etl_schedule columns: ['component_id', 'frequency_minutes', 'last_run_time', 'next_run_time', 'status', 'retry_count', 'max_retries', 'error_message', 'created_at', 'updated_at']
2025-12-11 13:47:10,027 - DEBUG - 📊 Table failure_modes columns: ['name', 'severity', 'component_id', 'failure_mode_id']
2025-12-11 13:47:10,030 - DEBUG - 📊 Table Mission_configurations columns: ['config_name', 'id', 'created_date', 'modified_date', 'configuration', 'ship_id', 'ship_name']
2025-12-11 13:47:10,032 - DEBUG - 📊 Table monthly_utilization columns: ['id', 'operation_date', 'utlization', 'component_id']
2025-12-11 13:47:10,035 - DEBUG - 📊 Table Overhaul_metadata columns: ['id', 'component_id', 'overhaul_frequency_hours', 'total_overhaul_events', 'last_overhaul_date']
2025-12-11 13:47:10,038 - DEBUG - 📊 Table Overhaul_Readings columns: ['id', 'component_id', 'maintenance_type', 'defect_date', 'cmms_running_age', 'running_age']
2025-12-11 13:47:10,040 - DEBUG - 📊 Table rcm columns: ['rcm_id', 'component_id', 'decision_path', 'maintenance_policy', 'created_date', 'modified_date']
2025-12-11 13:47:10,043 - DEBUG - 📊 Table refresh_tokens columns: ['id', 'token', 'user_id', 'expires_at', 'created_at', 'is_revoked']
2025-12-11 13:47:10,046 - DEBUG - 📊 Table sensor_metadata columns: ['sensor_name', 'unit', 'min_value', 'max_value', 'frequency', 'P', 'F', 'component_id', 'sensor_id', 'failure_mode_id']
2025-12-11 13:47:10,048 - DEBUG - 📊 Table sensor_readings columns: ['value', 'operating_hours', 'alert', 'id', 'date', 'component_id', 'sensor_id']
2025-12-11 13:47:10,051 - DEBUG - 📊 Table ships columns: ['ship_name', 'ship_category', 'ship_class', 'command', 'ship_id', 'created_date', 'modified_date']
2025-12-11 13:47:10,054 - DEBUG - 📊 Table system_configuration columns: ['component_name', 'parent_id', 'department_id', 'CMMS_EquipmentCode', 'is_lmu', 'parent_name', 'nomenclature', 'etl', 'component_id', 'created_date', 'modified_date', 'ship_id', 'system_id', 'RepairType']
2025-12-11 13:47:10,057 - DEBUG - 📊 Table systems columns: ['system_id', 'system_type', 'created_date']
2025-12-11 13:47:10,060 - DEBUG - 📊 Table users columns: ['email', 'username', 'full_name', 'role', 'is_active', 'id', 'hashed_password', 'created_at', 'updated_at', 'last_login']
2025-12-11 13:47:10,065 - DEBUG - 🔗 Foreign keys for alembic_version: []
2025-12-11 13:47:10,069 - DEBUG - 🔗 Foreign keys for alphabeta: [{'name': 'FK__alphabeta__compo__3E1D39E1', 'constrained_columns': ['component_id'], 'referred_schema': None, 'referred_table': 'system_configuration', 'referred_columns': ['component_id'], 'options': {}}]
2025-12-11 13:47:10,070 - DEBUG - 🔗 Added relationship: alphabeta.component_id -> system_configuration.component_id
2025-12-11 13:47:10,074 - DEBUG - 🔗 Foreign keys for departments: [{'name': 'FK__departmen__ship___47DBAE45', 'constrained_columns': ['ship_id'], 'referred_schema': None, 'referred_table': 'ships', 'referred_columns': ['ship_id'], 'options': {}}]
2025-12-11 13:47:10,074 - DEBUG - 🔗 Added relationship: departments.ship_id -> ships.ship_id
2025-12-11 13:47:10,078 - DEBUG - 🔗 Foreign keys for etabeta: [{'name': 'FK__etabeta__compone__40F9A68C', 'constrained_columns': ['component_id'], 'referred_schema': None, 'referred_table': 'system_configuration', 'referred_columns': ['component_id'], 'options': {}}]
2025-12-11 13:47:10,078 - DEBUG - 🔗 Added relationship: etabeta.component_id -> system_configuration.component_id
2025-12-11 13:47:10,083 - DEBUG - 🔗 Foreign keys for etl_audit_log: [{'name': 'FK__etl_audit__compo__55009F39', 'constrained_columns': ['component_id'], 'referred_schema': None, 'referred_table': 'system_configuration', 'referred_columns': ['component_id'], 'options': {}}]
2025-12-11 13:47:10,083 - DEBUG - 🔗 Added relationship: etl_audit_log.component_id -> system_configuration.component_id
2025-12-11 13:47:10,087 - DEBUG - 🔗 Foreign keys for etl_schedule: [{'name': 'FK__etl_sched__compo__57DD0BE4', 'constrained_columns': ['component_id'], 'referred_schema': None, 'referred_table': 'system_configuration', 'referred_columns': ['component_id'], 'options': {}}]
2025-12-11 13:47:10,087 - DEBUG - 🔗 Added relationship: etl_schedule.component_id -> system_configuration.component_id
2025-12-11 13:47:10,092 - DEBUG - 🔗 Foreign keys for failure_modes: [{'name': 'FK__failure_m__compo__37703C52', 'constrained_columns': ['component_id'], 'referred_schema': None, 'referred_table': 'system_configuration', 'referred_columns': ['component_id'], 'options': {}}]
2025-12-11 13:47:10,092 - DEBUG - 🔗 Added relationship: failure_modes.component_id -> system_configuration.component_id
2025-12-11 13:47:10,096 - DEBUG - 🔗 Foreign keys for Mission_configurations: [{'name': 'fk_mission_ship', 'constrained_columns': ['ship_id'], 'referred_schema': None, 'referred_table': 'ships', 'referred_columns': ['ship_id'], 'options': {}}]
2025-12-11 13:47:10,097 - DEBUG - 🔗 Added relationship: Mission_configurations.ship_id -> ships.ship_id
2025-12-11 13:47:10,101 - DEBUG - 🔗 Foreign keys for monthly_utilization: [{'name': 'FK__monthly_u__compo__2EDAF651', 'constrained_columns': ['component_id'], 'referred_schema': None, 'referred_table': 'system_configuration', 'referred_columns': ['component_id'], 'options': {}}]
2025-12-11 13:47:10,102 - DEBUG - 🔗 Added relationship: monthly_utilization.component_id -> system_configuration.component_id
2025-12-11 13:47:10,106 - DEBUG - 🔗 Foreign keys for Overhaul_metadata: [{'name': 'FK__Overhaul___compo__214BF109', 'constrained_columns': ['component_id'], 'referred_schema': None, 'referred_table': 'system_configuration', 'referred_columns': ['component_id'], 'options': {}}]
2025-12-11 13:47:10,106 - DEBUG - 🔗 Added relationship: Overhaul_metadata.component_id -> system_configuration.component_id
2025-12-11 13:47:10,110 - DEBUG - 🔗 Foreign keys for Overhaul_Readings: [{'name': 'FK__Overhaul___compo__1E6F845E', 'constrained_columns': ['component_id'], 'referred_schema': None, 'referred_table': 'system_configuration', 'referred_columns': ['component_id'], 'options': {}}]
2025-12-11 13:47:10,110 - DEBUG - 🔗 Added relationship: Overhaul_Readings.component_id -> system_configuration.component_id
2025-12-11 13:47:10,115 - DEBUG - 🔗 Foreign keys for rcm: [{'name': 'FK__rcm__component_i__308E3499', 'constrained_columns': ['component_id'], 'referred_schema': None, 'referred_table': 'system_configuration', 'referred_columns': ['component_id'], 'options': {}}]
2025-12-11 13:47:10,115 - DEBUG - 🔗 Added relationship: rcm.component_id -> system_configuration.component_id
2025-12-11 13:47:10,119 - DEBUG - 🔗 Foreign keys for refresh_tokens: [{'name': 'FK__refresh_t__user___49C3F6B7', 'constrained_columns': ['user_id'], 'referred_schema': None, 'referred_table': 'users', 'referred_columns': ['id'], 'options': {}}]
2025-12-11 13:47:10,119 - DEBUG - 🔗 Added relationship: refresh_tokens.user_id -> users.id
2025-12-11 13:47:10,123 - DEBUG - 🔗 Foreign keys for sensor_metadata: [{'name': 'FK__sensor_me__compo__31B762FC', 'constrained_columns': ['component_id'], 'referred_schema': None, 'referred_table': 'system_configuration', 'referred_columns': ['component_id'], 'options': {}}, {'name': 'FK__sensor_me__failu__32AB8735', 'constrained_columns': ['failure_mode_id'], 'referred_schema': None, 'referred_table': 'failure_modes', 'referred_columns': ['failure_mode_id'], 'options': {}}]
2025-12-11 13:47:10,123 - DEBUG - 🔗 Added relationship: sensor_metadata.component_id -> system_configuration.component_id
2025-12-11 13:47:10,123 - DEBUG - 🔗 Added relationship: sensor_metadata.failure_mode_id -> failure_modes.failure_mode_id
2025-12-11 13:47:10,128 - DEBUG - 🔗 Foreign keys for sensor_readings: [{'name': 'FK__sensor_re__compo__3587F3E0', 'constrained_columns': ['component_id'], 'referred_schema': None, 'referred_table': 'system_configuration', 'referred_columns': ['component_id'], 'options': {}}, {'name': 'FK__sensor_re__senso__367C1819', 'constrained_columns': ['sensor_id'], 'referred_schema': None, 'referred_table': 'sensor_metadata', 'referred_columns': ['sensor_id'], 'options': {}}]
2025-12-11 13:47:10,128 - DEBUG - 🔗 Added relationship: sensor_readings.component_id -> system_configuration.component_id
2025-12-11 13:47:10,128 - DEBUG - 🔗 Added relationship: sensor_readings.sensor_id -> sensor_metadata.sensor_id
2025-12-11 13:47:10,132 - DEBUG - 🔗 Foreign keys for ships: []
2025-12-11 13:47:10,137 - DEBUG - 🔗 Foreign keys for system_configuration: [{'name': 'FK__system_co__depar__4BAC3F29', 'constrained_columns': ['department_id'], 'referred_schema': None, 'referred_table': 'departments', 'referred_columns': ['department_id'], 'options': {}}, {'name': 'FK__system_co__paren__4CA06362', 'constrained_columns': ['parent_id'], 'referred_schema': None, 'referred_table': 'system_configuration', 'referred_columns': ['component_id'], 'options': {}}, {'name': 'FK__system_co__ship___3864608B', 'constrained_columns': ['ship_id'], 'referred_schema': None, 'referred_table': 'ships', 'referred_columns': ['ship_id'], 'options': {}}, {'name': 'FK__system_co__syste__47A6A41B', 'constrained_columns': ['system_id'], 'referred_schema': None, 'referred_table': 'systems', 'referred_columns': ['system_id'], 'options': {}}]
2025-12-11 13:47:10,137 - DEBUG - 🔗 Added relationship: system_configuration.department_id -> departments.department_id
2025-12-11 13:47:10,137 - DEBUG - 🔗 Added relationship: system_configuration.parent_id -> system_configuration.component_id
2025-12-11 13:47:10,137 - DEBUG - 🔗 Added relationship: system_configuration.ship_id -> ships.ship_id
2025-12-11 13:47:10,137 - DEBUG - 🔗 Added relationship: system_configuration.system_id -> systems.system_id
2025-12-11 13:47:10,141 - DEBUG - 🔗 Foreign keys for systems: []
2025-12-11 13:47:10,145 - DEBUG - 🔗 Foreign keys for users: []
2025-12-11 13:47:10,145 - INFO - ✅ Schema loading complete. Found 19 tables and 20 relationships
2025-12-11 13:47:10,145 - DEBUG - 🔍 Relationship Details:
2025-12-11 13:47:10,145 - DEBUG -   ('alphabeta', 'system_configuration') -> ('alphabeta.component_id', 'system_configuration.component_id')
2025-12-11 13:47:10,145 - DEBUG -   ('departments', 'ships') -> ('departments.ship_id', 'ships.ship_id')
2025-12-11 13:47:10,145 - DEBUG -   ('etabeta', 'system_configuration') -> ('etabeta.component_id', 'system_configuration.component_id')
2025-12-11 13:47:10,145 - DEBUG -   ('etl_audit_log', 'system_configuration') -> ('etl_audit_log.component_id', 'system_configuration.component_id')
2025-12-11 13:47:10,145 - DEBUG -   ('etl_schedule', 'system_configuration') -> ('etl_schedule.component_id', 'system_configuration.component_id')
2025-12-11 13:47:10,145 - DEBUG -   ('failure_modes', 'system_configuration') -> ('failure_modes.component_id', 'system_configuration.component_id')
2025-12-11 13:47:10,145 - DEBUG -   ('Mission_configurations', 'ships') -> ('Mission_configurations.ship_id', 'ships.ship_id')
2025-12-11 13:47:10,145 - DEBUG -   ('monthly_utilization', 'system_configuration') -> ('monthly_utilization.component_id', 'system_configuration.component_id')
2025-12-11 13:47:10,145 - DEBUG -   ('Overhaul_metadata', 'system_configuration') -> ('Overhaul_metadata.component_id', 'system_configuration.component_id')
2025-12-11 13:47:10,146 - DEBUG -   ('Overhaul_Readings', 'system_configuration') -> ('Overhaul_Readings.component_id', 'system_configuration.component_id')
2025-12-11 13:47:10,146 - DEBUG -   ('rcm', 'system_configuration') -> ('rcm.component_id', 'system_configuration.component_id')
2025-12-11 13:47:10,146 - DEBUG -   ('refresh_tokens', 'users') -> ('refresh_tokens.user_id', 'users.id')
2025-12-11 13:47:10,146 - DEBUG -   ('sensor_metadata', 'system_configuration') -> ('sensor_metadata.component_id', 'system_configuration.component_id')
2025-12-11 13:47:10,146 - DEBUG -   ('sensor_metadata', 'failure_modes') -> ('sensor_metadata.failure_mode_id', 'failure_modes.failure_mode_id')
2025-12-11 13:47:10,146 - DEBUG -   ('sensor_readings', 'system_configuration') -> ('sensor_readings.component_id', 'system_configuration.component_id')
2025-12-11 13:47:10,146 - DEBUG -   ('sensor_readings', 'sensor_metadata') -> ('sensor_readings.sensor_id', 'sensor_metadata.sensor_id')
2025-12-11 13:47:10,146 - DEBUG -   ('system_configuration', 'departments') -> ('system_configuration.department_id', 'departments.department_id')
2025-12-11 13:47:10,146 - DEBUG -   ('system_configuration', 'system_configuration') -> ('system_configuration.parent_id', 'system_configuration.component_id')
2025-12-11 13:47:10,146 - DEBUG -   ('system_configuration', 'ships') -> ('system_configuration.ship_id', 'ships.ship_id')
2025-12-11 13:47:10,146 - DEBUG -   ('system_configuration', 'systems') -> ('system_configuration.system_id', 'systems.system_id')
2025-12-11 13:47:10,146 - INFO - 📌 Loaded conversation memory from disk.
2025-12-11 13:47:10,146 - INFO - 📌 Initialized memory: Last 5 exchanges
2025-12-11 13:47:10,332 - DEBUG - loaded lazy attr 'SafeConfigParser': <class 'configparser.ConfigParser'>
2025-12-11 13:47:10,332 - DEBUG - loaded lazy attr 'NativeStringIO': <class '_io.StringIO'>
2025-12-11 13:47:10,332 - DEBUG - loaded lazy attr 'BytesIO': <class '_io.BytesIO'>
2025-12-11 13:47:10,334 - DEBUG - registered 'bcrypt' handler: <class 'passlib.handlers.bcrypt.bcrypt'>
2025-12-11 13:47:10,987 - INFO - MissionReliabilityCalculator initialized
2025-12-11 13:47:11,274 - INFO - Loading configuration from: /home/user/IITB/netra/backend/utils/config.yaml
2025-12-11 13:47:11,290 - INFO - Initializing LLMClient with Ollama model: codellama:7b-instruct
2025-12-11 13:47:11,291 - INFO - ✅ Database engine created with URL: mssql+pyodbc://sa:Camlab110@localhost:1433/NetraKoshx?driver=ODBC+Driver+18+for+SQL+Server&TrustServerCertificate=yes&timeout=300
2025-12-11 13:47:11,304 - INFO - 🔍 Found tables: ['alembic_version', 'alphabeta', 'departments', 'etabeta', 'etl_audit_log', 'etl_schedule', 'failure_modes', 'Mission_configurations', 'monthly_utilization', 'Overhaul_metadata', 'Overhaul_Readings', 'rcm', 'refresh_tokens', 'sensor_metadata', 'sensor_readings', 'ships', 'system_configuration', 'systems', 'users']
2025-12-11 13:47:11,309 - DEBUG - 📊 Table alembic_version columns: ['version_num']
2025-12-11 13:47:11,312 - DEBUG - 📊 Table alphabeta columns: ['id', 'alpha', 'beta', 'component_id']
2025-12-11 13:47:11,314 - DEBUG - 📊 Table departments columns: ['ship_id', 'department_name', 'department_code', 'department_id', 'created_date', 'modified_date']
2025-12-11 13:47:11,317 - DEBUG - 📊 Table etabeta columns: ['id', 'eta', 'beta', 'component_id', 'priority']
2025-12-11 13:47:11,321 - DEBUG - 📊 Table etl_audit_log columns: ['log_id', 'run_id', 'component_id', 'ship_name', 'nomenclature', 'start_time', 'end_time', 'duration_ms', 'rows_processed', 'rows_inserted', 'rows_updated', 'status', 'error_details', 'retry_attempt', 'created_at']
2025-12-11 13:47:11,324 - DEBUG - 📊 Table etl_schedule columns: ['component_id', 'frequency_minutes', 'last_run_time', 'next_run_time', 'status', 'retry_count', 'max_retries', 'error_message', 'created_at', 'updated_at']
2025-12-11 13:47:11,327 - DEBUG - 📊 Table failure_modes columns: ['name', 'severity', 'component_id', 'failure_mode_id']
2025-12-11 13:47:11,330 - DEBUG - 📊 Table Mission_configurations columns: ['config_name', 'id', 'created_date', 'modified_date', 'configuration', 'ship_id', 'ship_name']
2025-12-11 13:47:11,333 - DEBUG - 📊 Table monthly_utilization columns: ['id', 'operation_date', 'utlization', 'component_id']
2025-12-11 13:47:11,335 - DEBUG - 📊 Table Overhaul_metadata columns: ['id', 'component_id', 'overhaul_frequency_hours', 'total_overhaul_events', 'last_overhaul_date']
2025-12-11 13:47:11,338 - DEBUG - 📊 Table Overhaul_Readings columns: ['id', 'component_id', 'maintenance_type', 'defect_date', 'cmms_running_age', 'running_age']
2025-12-11 13:47:11,341 - DEBUG - 📊 Table rcm columns: ['rcm_id', 'component_id', 'decision_path', 'maintenance_policy', 'created_date', 'modified_date']
2025-12-11 13:47:11,344 - DEBUG - 📊 Table refresh_tokens columns: ['id', 'token', 'user_id', 'expires_at', 'created_at', 'is_revoked']
2025-12-11 13:47:11,346 - DEBUG - 📊 Table sensor_metadata columns: ['sensor_name', 'unit', 'min_value', 'max_value', 'frequency', 'P', 'F', 'component_id', 'sensor_id', 'failure_mode_id']
2025-12-11 13:47:11,349 - DEBUG - 📊 Table sensor_readings columns: ['value', 'operating_hours', 'alert', 'id', 'date', 'component_id', 'sensor_id']
2025-12-11 13:47:11,352 - DEBUG - 📊 Table ships columns: ['ship_name', 'ship_category', 'ship_class', 'command', 'ship_id', 'created_date', 'modified_date']
2025-12-11 13:47:11,355 - DEBUG - 📊 Table system_configuration columns: ['component_name', 'parent_id', 'department_id', 'CMMS_EquipmentCode', 'is_lmu', 'parent_name', 'nomenclature', 'etl', 'component_id', 'created_date', 'modified_date', 'ship_id', 'system_id', 'RepairType']
2025-12-11 13:47:11,357 - DEBUG - 📊 Table systems columns: ['system_id', 'system_type', 'created_date']
2025-12-11 13:47:11,360 - DEBUG - 📊 Table users columns: ['email', 'username', 'full_name', 'role', 'is_active', 'id', 'hashed_password', 'created_at', 'updated_at', 'last_login']
2025-12-11 13:47:11,365 - DEBUG - 🔗 Foreign keys for alembic_version: []
2025-12-11 13:47:11,370 - DEBUG - 🔗 Foreign keys for alphabeta: [{'name': 'FK__alphabeta__compo__3E1D39E1', 'constrained_columns': ['component_id'], 'referred_schema': None, 'referred_table': 'system_configuration', 'referred_columns': ['component_id'], 'options': {}}]
2025-12-11 13:47:11,370 - DEBUG - 🔗 Added relationship: alphabeta.component_id -> system_configuration.component_id
2025-12-11 13:47:11,374 - DEBUG - 🔗 Foreign keys for departments: [{'name': 'FK__departmen__ship___47DBAE45', 'constrained_columns': ['ship_id'], 'referred_schema': None, 'referred_table': 'ships', 'referred_columns': ['ship_id'], 'options': {}}]
2025-12-11 13:47:11,374 - DEBUG - 🔗 Added relationship: departments.ship_id -> ships.ship_id
2025-12-11 13:47:11,379 - DEBUG - 🔗 Foreign keys for etabeta: [{'name': 'FK__etabeta__compone__40F9A68C', 'constrained_columns': ['component_id'], 'referred_schema': None, 'referred_table': 'system_configuration', 'referred_columns': ['component_id'], 'options': {}}]
2025-12-11 13:47:11,379 - DEBUG - 🔗 Added relationship: etabeta.component_id -> system_configuration.component_id
2025-12-11 13:47:11,383 - DEBUG - 🔗 Foreign keys for etl_audit_log: [{'name': 'FK__etl_audit__compo__55009F39', 'constrained_columns': ['component_id'], 'referred_schema': None, 'referred_table': 'system_configuration', 'referred_columns': ['component_id'], 'options': {}}]
2025-12-11 13:47:11,383 - DEBUG - 🔗 Added relationship: etl_audit_log.component_id -> system_configuration.component_id
2025-12-11 13:47:11,388 - DEBUG - 🔗 Foreign keys for etl_schedule: [{'name': 'FK__etl_sched__compo__57DD0BE4', 'constrained_columns': ['component_id'], 'referred_schema': None, 'referred_table': 'system_configuration', 'referred_columns': ['component_id'], 'options': {}}]
2025-12-11 13:47:11,388 - DEBUG - 🔗 Added relationship: etl_schedule.component_id -> system_configuration.component_id
2025-12-11 13:47:11,392 - DEBUG - 🔗 Foreign keys for failure_modes: [{'name': 'FK__failure_m__compo__37703C52', 'constrained_columns': ['component_id'], 'referred_schema': None, 'referred_table': 'system_configuration', 'referred_columns': ['component_id'], 'options': {}}]
2025-12-11 13:47:11,392 - DEBUG - 🔗 Added relationship: failure_modes.component_id -> system_configuration.component_id
2025-12-11 13:47:11,397 - DEBUG - 🔗 Foreign keys for Mission_configurations: [{'name': 'fk_mission_ship', 'constrained_columns': ['ship_id'], 'referred_schema': None, 'referred_table': 'ships', 'referred_columns': ['ship_id'], 'options': {}}]
2025-12-11 13:47:11,397 - DEBUG - 🔗 Added relationship: Mission_configurations.ship_id -> ships.ship_id
2025-12-11 13:47:11,401 - DEBUG - 🔗 Foreign keys for monthly_utilization: [{'name': 'FK__monthly_u__compo__2EDAF651', 'constrained_columns': ['component_id'], 'referred_schema': None, 'referred_table': 'system_configuration', 'referred_columns': ['component_id'], 'options': {}}]
2025-12-11 13:47:11,401 - DEBUG - 🔗 Added relationship: monthly_utilization.component_id -> system_configuration.component_id
2025-12-11 13:47:11,405 - DEBUG - 🔗 Foreign keys for Overhaul_metadata: [{'name': 'FK__Overhaul___compo__214BF109', 'constrained_columns': ['component_id'], 'referred_schema': None, 'referred_table': 'system_configuration', 'referred_columns': ['component_id'], 'options': {}}]
2025-12-11 13:47:11,405 - DEBUG - 🔗 Added relationship: Overhaul_metadata.component_id -> system_configuration.component_id
2025-12-11 13:47:11,410 - DEBUG - 🔗 Foreign keys for Overhaul_Readings: [{'name': 'FK__Overhaul___compo__1E6F845E', 'constrained_columns': ['component_id'], 'referred_schema': None, 'referred_table': 'system_configuration', 'referred_columns': ['component_id'], 'options': {}}]
2025-12-11 13:47:11,410 - DEBUG - 🔗 Added relationship: Overhaul_Readings.component_id -> system_configuration.component_id
2025-12-11 13:47:11,414 - DEBUG - 🔗 Foreign keys for rcm: [{'name': 'FK__rcm__component_i__308E3499', 'constrained_columns': ['component_id'], 'referred_schema': None, 'referred_table': 'system_configuration', 'referred_columns': ['component_id'], 'options': {}}]
2025-12-11 13:47:11,414 - DEBUG - 🔗 Added relationship: rcm.component_id -> system_configuration.component_id
2025-12-11 13:47:11,419 - DEBUG - 🔗 Foreign keys for refresh_tokens: [{'name': 'FK__refresh_t__user___49C3F6B7', 'constrained_columns': ['user_id'], 'referred_schema': None, 'referred_table': 'users', 'referred_columns': ['id'], 'options': {}}]
2025-12-11 13:47:11,419 - DEBUG - 🔗 Added relationship: refresh_tokens.user_id -> users.id
2025-12-11 13:47:11,423 - DEBUG - 🔗 Foreign keys for sensor_metadata: [{'name': 'FK__sensor_me__compo__31B762FC', 'constrained_columns': ['component_id'], 'referred_schema': None, 'referred_table': 'system_configuration', 'referred_columns': ['component_id'], 'options': {}}, {'name': 'FK__sensor_me__failu__32AB8735', 'constrained_columns': ['failure_mode_id'], 'referred_schema': None, 'referred_table': 'failure_modes', 'referred_columns': ['failure_mode_id'], 'options': {}}]
2025-12-11 13:47:11,423 - DEBUG - 🔗 Added relationship: sensor_metadata.component_id -> system_configuration.component_id
2025-12-11 13:47:11,423 - DEBUG - 🔗 Added relationship: sensor_metadata.failure_mode_id -> failure_modes.failure_mode_id
2025-12-11 13:47:11,428 - DEBUG - 🔗 Foreign keys for sensor_readings: [{'name': 'FK__sensor_re__compo__3587F3E0', 'constrained_columns': ['component_id'], 'referred_schema': None, 'referred_table': 'system_configuration', 'referred_columns': ['component_id'], 'options': {}}, {'name': 'FK__sensor_re__senso__367C1819', 'constrained_columns': ['sensor_id'], 'referred_schema': None, 'referred_table': 'sensor_metadata', 'referred_columns': ['sensor_id'], 'options': {}}]
2025-12-11 13:47:11,428 - DEBUG - 🔗 Added relationship: sensor_readings.component_id -> system_configuration.component_id
2025-12-11 13:47:11,428 - DEBUG - 🔗 Added relationship: sensor_readings.sensor_id -> sensor_metadata.sensor_id
2025-12-11 13:47:11,432 - DEBUG - 🔗 Foreign keys for ships: []
2025-12-11 13:47:11,437 - DEBUG - 🔗 Foreign keys for system_configuration: [{'name': 'FK__system_co__depar__4BAC3F29', 'constrained_columns': ['department_id'], 'referred_schema': None, 'referred_table': 'departments', 'referred_columns': ['department_id'], 'options': {}}, {'name': 'FK__system_co__paren__4CA06362', 'constrained_columns': ['parent_id'], 'referred_schema': None, 'referred_table': 'system_configuration', 'referred_columns': ['component_id'], 'options': {}}, {'name': 'FK__system_co__ship___3864608B', 'constrained_columns': ['ship_id'], 'referred_schema': None, 'referred_table': 'ships', 'referred_columns': ['ship_id'], 'options': {}}, {'name': 'FK__system_co__syste__47A6A41B', 'constrained_columns': ['system_id'], 'referred_schema': None, 'referred_table': 'systems', 'referred_columns': ['system_id'], 'options': {}}]
2025-12-11 13:47:11,437 - DEBUG - 🔗 Added relationship: system_configuration.department_id -> departments.department_id
2025-12-11 13:47:11,437 - DEBUG - 🔗 Added relationship: system_configuration.parent_id -> system_configuration.component_id
2025-12-11 13:47:11,437 - DEBUG - 🔗 Added relationship: system_configuration.ship_id -> ships.ship_id
2025-12-11 13:47:11,437 - DEBUG - 🔗 Added relationship: system_configuration.system_id -> systems.system_id
2025-12-11 13:47:11,441 - DEBUG - 🔗 Foreign keys for systems: []
2025-12-11 13:47:11,445 - DEBUG - 🔗 Foreign keys for users: []
2025-12-11 13:47:11,445 - INFO - ✅ Schema loading complete. Found 19 tables and 20 relationships
2025-12-11 13:47:11,446 - DEBUG - 🔍 Relationship Details:
2025-12-11 13:47:11,446 - DEBUG -   ('alphabeta', 'system_configuration') -> ('alphabeta.component_id', 'system_configuration.component_id')
2025-12-11 13:47:11,446 - DEBUG -   ('departments', 'ships') -> ('departments.ship_id', 'ships.ship_id')
2025-12-11 13:47:11,446 - DEBUG -   ('etabeta', 'system_configuration') -> ('etabeta.component_id', 'system_configuration.component_id')
2025-12-11 13:47:11,446 - DEBUG -   ('etl_audit_log', 'system_configuration') -> ('etl_audit_log.component_id', 'system_configuration.component_id')
2025-12-11 13:47:11,446 - DEBUG -   ('etl_schedule', 'system_configuration') -> ('etl_schedule.component_id', 'system_configuration.component_id')
2025-12-11 13:47:11,446 - DEBUG -   ('failure_modes', 'system_configuration') -> ('failure_modes.component_id', 'system_configuration.component_id')
2025-12-11 13:47:11,446 - DEBUG -   ('Mission_configurations', 'ships') -> ('Mission_configurations.ship_id', 'ships.ship_id')
2025-12-11 13:47:11,446 - DEBUG -   ('monthly_utilization', 'system_configuration') -> ('monthly_utilization.component_id', 'system_configuration.component_id')
2025-12-11 13:47:11,446 - DEBUG -   ('Overhaul_metadata', 'system_configuration') -> ('Overhaul_metadata.component_id', 'system_configuration.component_id')
2025-12-11 13:47:11,446 - DEBUG -   ('Overhaul_Readings', 'system_configuration') -> ('Overhaul_Readings.component_id', 'system_configuration.component_id')
2025-12-11 13:47:11,446 - DEBUG -   ('rcm', 'system_configuration') -> ('rcm.component_id', 'system_configuration.component_id')
2025-12-11 13:47:11,446 - DEBUG -   ('refresh_tokens', 'users') -> ('refresh_tokens.user_id', 'users.id')
2025-12-11 13:47:11,446 - DEBUG -   ('sensor_metadata', 'system_configuration') -> ('sensor_metadata.component_id', 'system_configuration.component_id')
2025-12-11 13:47:11,446 - DEBUG -   ('sensor_metadata', 'failure_modes') -> ('sensor_metadata.failure_mode_id', 'failure_modes.failure_mode_id')
2025-12-11 13:47:11,446 - DEBUG -   ('sensor_readings', 'system_configuration') -> ('sensor_readings.component_id', 'system_configuration.component_id')
2025-12-11 13:47:11,446 - DEBUG -   ('sensor_readings', 'sensor_metadata') -> ('sensor_readings.sensor_id', 'sensor_metadata.sensor_id')
2025-12-11 13:47:11,446 - DEBUG -   ('system_configuration', 'departments') -> ('system_configuration.department_id', 'departments.department_id')
2025-12-11 13:47:11,446 - DEBUG -   ('system_configuration', 'system_configuration') -> ('system_configuration.parent_id', 'system_configuration.component_id')
2025-12-11 13:47:11,446 - DEBUG -   ('system_configuration', 'ships') -> ('system_configuration.ship_id', 'ships.ship_id')
2025-12-11 13:47:11,446 - DEBUG -   ('system_configuration', 'systems') -> ('system_configuration.system_id', 'systems.system_id')
2025-12-11 13:47:20,788 - INFO - Loading configuration from: /home/user/IITB/netra/backend/utils/config.yaml
2025-12-11 13:47:20,804 - INFO - Initializing LLMClient with Ollama model: codellama:7b-instruct
2025-12-11 13:47:20,804 - INFO - Loading configuration from: /home/user/IITB/netra/backend/utils/config.yaml
2025-12-11 13:47:20,819 - INFO - Loading configuration from: /home/user/IITB/netra/backend/utils/config.yaml
2025-12-11 13:47:20,834 - INFO - Initializing LLMClient with Ollama model: codellama:7b-instruct
2025-12-11 13:47:20,843 - INFO - ✅ Database engine created with URL: mssql+pyodbc://sa:Camlab110@localhost:1433/NetraKoshx?driver=ODBC+Driver+18+for+SQL+Server&TrustServerCertificate=yes&timeout=300
2025-12-11 13:47:20,942 - INFO - 🔍 Found tables: ['alembic_version', 'alphabeta', 'departments', 'etabeta', 'etl_audit_log', 'etl_schedule', 'failure_modes', 'Mission_configurations', 'monthly_utilization', 'Overhaul_metadata', 'Overhaul_Readings', 'rcm', 'refresh_tokens', 'sensor_metadata', 'sensor_readings', 'ships', 'system_configuration', 'systems', 'users']
2025-12-11 13:47:20,947 - DEBUG - 📊 Table alembic_version columns: ['version_num']
2025-12-11 13:47:20,950 - DEBUG - 📊 Table alphabeta columns: ['id', 'alpha', 'beta', 'component_id']
2025-12-11 13:47:20,953 - DEBUG - 📊 Table departments columns: ['ship_id', 'department_name', 'department_code', 'department_id', 'created_date', 'modified_date']
2025-12-11 13:47:20,955 - DEBUG - 📊 Table etabeta columns: ['id', 'eta', 'beta', 'component_id', 'priority']
2025-12-11 13:47:20,959 - DEBUG - 📊 Table etl_audit_log columns: ['log_id', 'run_id', 'component_id', 'ship_name', 'nomenclature', 'start_time', 'end_time', 'duration_ms', 'rows_processed', 'rows_inserted', 'rows_updated', 'status', 'error_details', 'retry_attempt', 'created_at']
2025-12-11 13:47:20,962 - DEBUG - 📊 Table etl_schedule columns: ['component_id', 'frequency_minutes', 'last_run_time', 'next_run_time', 'status', 'retry_count', 'max_retries', 'error_message', 'created_at', 'updated_at']
2025-12-11 13:47:20,964 - DEBUG - 📊 Table failure_modes columns: ['name', 'severity', 'component_id', 'failure_mode_id']
2025-12-11 13:47:20,967 - DEBUG - 📊 Table Mission_configurations columns: ['config_name', 'id', 'created_date', 'modified_date', 'configuration', 'ship_id', 'ship_name']
2025-12-11 13:47:20,969 - DEBUG - 📊 Table monthly_utilization columns: ['id', 'operation_date', 'utlization', 'component_id']
2025-12-11 13:47:20,972 - DEBUG - 📊 Table Overhaul_metadata columns: ['id', 'component_id', 'overhaul_frequency_hours', 'total_overhaul_events', 'last_overhaul_date']
2025-12-11 13:47:20,975 - DEBUG - 📊 Table Overhaul_Readings columns: ['id', 'component_id', 'maintenance_type', 'defect_date', 'cmms_running_age', 'running_age']
2025-12-11 13:47:20,978 - DEBUG - 📊 Table rcm columns: ['rcm_id', 'component_id', 'decision_path', 'maintenance_policy', 'created_date', 'modified_date']
2025-12-11 13:47:20,981 - DEBUG - 📊 Table refresh_tokens columns: ['id', 'token', 'user_id', 'expires_at', 'created_at', 'is_revoked']
2025-12-11 13:47:20,985 - DEBUG - 📊 Table sensor_metadata columns: ['sensor_name', 'unit', 'min_value', 'max_value', 'frequency', 'P', 'F', 'component_id', 'sensor_id', 'failure_mode_id']
2025-12-11 13:47:20,989 - DEBUG - 📊 Table sensor_readings columns: ['value', 'operating_hours', 'alert', 'id', 'date', 'component_id', 'sensor_id']
2025-12-11 13:47:20,992 - DEBUG - 📊 Table ships columns: ['ship_name', 'ship_category', 'ship_class', 'command', 'ship_id', 'created_date', 'modified_date']
2025-12-11 13:47:20,996 - DEBUG - 📊 Table system_configuration columns: ['component_name', 'parent_id', 'department_id', 'CMMS_EquipmentCode', 'is_lmu', 'parent_name', 'nomenclature', 'etl', 'component_id', 'created_date', 'modified_date', 'ship_id', 'system_id', 'RepairType']
2025-12-11 13:47:21,000 - DEBUG - 📊 Table systems columns: ['system_id', 'system_type', 'created_date']
2025-12-11 13:47:21,004 - DEBUG - 📊 Table users columns: ['email', 'username', 'full_name', 'role', 'is_active', 'id', 'hashed_password', 'created_at', 'updated_at', 'last_login']
2025-12-11 13:47:21,011 - DEBUG - 🔗 Foreign keys for alembic_version: []
2025-12-11 13:47:21,015 - DEBUG - 🔗 Foreign keys for alphabeta: [{'name': 'FK__alphabeta__compo__3E1D39E1', 'constrained_columns': ['component_id'], 'referred_schema': None, 'referred_table': 'system_configuration', 'referred_columns': ['component_id'], 'options': {}}]
2025-12-11 13:47:21,015 - DEBUG - 🔗 Added relationship: alphabeta.component_id -> system_configuration.component_id
2025-12-11 13:47:21,019 - DEBUG - 🔗 Foreign keys for departments: [{'name': 'FK__departmen__ship___47DBAE45', 'constrained_columns': ['ship_id'], 'referred_schema': None, 'referred_table': 'ships', 'referred_columns': ['ship_id'], 'options': {}}]
2025-12-11 13:47:21,020 - DEBUG - 🔗 Added relationship: departments.ship_id -> ships.ship_id
2025-12-11 13:47:21,024 - DEBUG - 🔗 Foreign keys for etabeta: [{'name': 'FK__etabeta__compone__40F9A68C', 'constrained_columns': ['component_id'], 'referred_schema': None, 'referred_table': 'system_configuration', 'referred_columns': ['component_id'], 'options': {}}]
2025-12-11 13:47:21,024 - DEBUG - 🔗 Added relationship: etabeta.component_id -> system_configuration.component_id
2025-12-11 13:47:21,028 - DEBUG - 🔗 Foreign keys for etl_audit_log: [{'name': 'FK__etl_audit__compo__55009F39', 'constrained_columns': ['component_id'], 'referred_schema': None, 'referred_table': 'system_configuration', 'referred_columns': ['component_id'], 'options': {}}]
2025-12-11 13:47:21,028 - DEBUG - 🔗 Added relationship: etl_audit_log.component_id -> system_configuration.component_id
2025-12-11 13:47:21,032 - DEBUG - 🔗 Foreign keys for etl_schedule: [{'name': 'FK__etl_sched__compo__57DD0BE4', 'constrained_columns': ['component_id'], 'referred_schema': None, 'referred_table': 'system_configuration', 'referred_columns': ['component_id'], 'options': {}}]
2025-12-11 13:47:21,032 - DEBUG - 🔗 Added relationship: etl_schedule.component_id -> system_configuration.component_id
2025-12-11 13:47:21,036 - DEBUG - 🔗 Foreign keys for failure_modes: [{'name': 'FK__failure_m__compo__37703C52', 'constrained_columns': ['component_id'], 'referred_schema': None, 'referred_table': 'system_configuration', 'referred_columns': ['component_id'], 'options': {}}]
2025-12-11 13:47:21,037 - DEBUG - 🔗 Added relationship: failure_modes.component_id -> system_configuration.component_id
2025-12-11 13:47:21,041 - DEBUG - 🔗 Foreign keys for Mission_configurations: [{'name': 'fk_mission_ship', 'constrained_columns': ['ship_id'], 'referred_schema': None, 'referred_table': 'ships', 'referred_columns': ['ship_id'], 'options': {}}]
2025-12-11 13:47:21,041 - DEBUG - 🔗 Added relationship: Mission_configurations.ship_id -> ships.ship_id
2025-12-11 13:47:21,045 - DEBUG - 🔗 Foreign keys for monthly_utilization: [{'name': 'FK__monthly_u__compo__2EDAF651', 'constrained_columns': ['component_id'], 'referred_schema': None, 'referred_table': 'system_configuration', 'referred_columns': ['component_id'], 'options': {}}]
2025-12-11 13:47:21,045 - DEBUG - 🔗 Added relationship: monthly_utilization.component_id -> system_configuration.component_id
2025-12-11 13:47:21,049 - DEBUG - 🔗 Foreign keys for Overhaul_metadata: [{'name': 'FK__Overhaul___compo__214BF109', 'constrained_columns': ['component_id'], 'referred_schema': None, 'referred_table': 'system_configuration', 'referred_columns': ['component_id'], 'options': {}}]
2025-12-11 13:47:21,049 - DEBUG - 🔗 Added relationship: Overhaul_metadata.component_id -> system_configuration.component_id
2025-12-11 13:47:21,054 - DEBUG - 🔗 Foreign keys for Overhaul_Readings: [{'name': 'FK__Overhaul___compo__1E6F845E', 'constrained_columns': ['component_id'], 'referred_schema': None, 'referred_table': 'system_configuration', 'referred_columns': ['component_id'], 'options': {}}]
2025-12-11 13:47:21,054 - DEBUG - 🔗 Added relationship: Overhaul_Readings.component_id -> system_configuration.component_id
2025-12-11 13:47:21,058 - DEBUG - 🔗 Foreign keys for rcm: [{'name': 'FK__rcm__component_i__308E3499', 'constrained_columns': ['component_id'], 'referred_schema': None, 'referred_table': 'system_configuration', 'referred_columns': ['component_id'], 'options': {}}]
2025-12-11 13:47:21,058 - DEBUG - 🔗 Added relationship: rcm.component_id -> system_configuration.component_id
2025-12-11 13:47:21,062 - DEBUG - 🔗 Foreign keys for refresh_tokens: [{'name': 'FK__refresh_t__user___49C3F6B7', 'constrained_columns': ['user_id'], 'referred_schema': None, 'referred_table': 'users', 'referred_columns': ['id'], 'options': {}}]
2025-12-11 13:47:21,062 - DEBUG - 🔗 Added relationship: refresh_tokens.user_id -> users.id
2025-12-11 13:47:21,067 - DEBUG - 🔗 Foreign keys for sensor_metadata: [{'name': 'FK__sensor_me__compo__31B762FC', 'constrained_columns': ['component_id'], 'referred_schema': None, 'referred_table': 'system_configuration', 'referred_columns': ['component_id'], 'options': {}}, {'name': 'FK__sensor_me__failu__32AB8735', 'constrained_columns': ['failure_mode_id'], 'referred_schema': None, 'referred_table': 'failure_modes', 'referred_columns': ['failure_mode_id'], 'options': {}}]
2025-12-11 13:47:21,067 - DEBUG - 🔗 Added relationship: sensor_metadata.component_id -> system_configuration.component_id
2025-12-11 13:47:21,067 - DEBUG - 🔗 Added relationship: sensor_metadata.failure_mode_id -> failure_modes.failure_mode_id
2025-12-11 13:47:21,071 - DEBUG - 🔗 Foreign keys for sensor_readings: [{'name': 'FK__sensor_re__compo__3587F3E0', 'constrained_columns': ['component_id'], 'referred_schema': None, 'referred_table': 'system_configuration', 'referred_columns': ['component_id'], 'options': {}}, {'name': 'FK__sensor_re__senso__367C1819', 'constrained_columns': ['sensor_id'], 'referred_schema': None, 'referred_table': 'sensor_metadata', 'referred_columns': ['sensor_id'], 'options': {}}]
2025-12-11 13:47:21,071 - DEBUG - 🔗 Added relationship: sensor_readings.component_id -> system_configuration.component_id
2025-12-11 13:47:21,071 - DEBUG - 🔗 Added relationship: sensor_readings.sensor_id -> sensor_metadata.sensor_id
2025-12-11 13:47:21,075 - DEBUG - 🔗 Foreign keys for ships: []
2025-12-11 13:47:21,080 - DEBUG - 🔗 Foreign keys for system_configuration: [{'name': 'FK__system_co__depar__4BAC3F29', 'constrained_columns': ['department_id'], 'referred_schema': None, 'referred_table': 'departments', 'referred_columns': ['department_id'], 'options': {}}, {'name': 'FK__system_co__paren__4CA06362', 'constrained_columns': ['parent_id'], 'referred_schema': None, 'referred_table': 'system_configuration', 'referred_columns': ['component_id'], 'options': {}}, {'name': 'FK__system_co__ship___3864608B', 'constrained_columns': ['ship_id'], 'referred_schema': None, 'referred_table': 'ships', 'referred_columns': ['ship_id'], 'options': {}}, {'name': 'FK__system_co__syste__47A6A41B', 'constrained_columns': ['system_id'], 'referred_schema': None, 'referred_table': 'systems', 'referred_columns': ['system_id'], 'options': {}}]
2025-12-11 13:47:21,080 - DEBUG - 🔗 Added relationship: system_configuration.department_id -> departments.department_id
2025-12-11 13:47:21,080 - DEBUG - 🔗 Added relationship: system_configuration.parent_id -> system_configuration.component_id
2025-12-11 13:47:21,080 - DEBUG - 🔗 Added relationship: system_configuration.ship_id -> ships.ship_id
2025-12-11 13:47:21,080 - DEBUG - 🔗 Added relationship: system_configuration.system_id -> systems.system_id
2025-12-11 13:47:21,084 - DEBUG - 🔗 Foreign keys for systems: []
2025-12-11 13:47:21,089 - DEBUG - 🔗 Foreign keys for users: []
2025-12-11 13:47:21,089 - INFO - ✅ Schema loading complete. Found 19 tables and 20 relationships
2025-12-11 13:47:21,089 - DEBUG - 🔍 Relationship Details:
2025-12-11 13:47:21,089 - DEBUG -   ('alphabeta', 'system_configuration') -> ('alphabeta.component_id', 'system_configuration.component_id')
2025-12-11 13:47:21,089 - DEBUG -   ('departments', 'ships') -> ('departments.ship_id', 'ships.ship_id')
2025-12-11 13:47:21,089 - DEBUG -   ('etabeta', 'system_configuration') -> ('etabeta.component_id', 'system_configuration.component_id')
2025-12-11 13:47:21,089 - DEBUG -   ('etl_audit_log', 'system_configuration') -> ('etl_audit_log.component_id', 'system_configuration.component_id')
2025-12-11 13:47:21,089 - DEBUG -   ('etl_schedule', 'system_configuration') -> ('etl_schedule.component_id', 'system_configuration.component_id')
2025-12-11 13:47:21,089 - DEBUG -   ('failure_modes', 'system_configuration') -> ('failure_modes.component_id', 'system_configuration.component_id')
2025-12-11 13:47:21,089 - DEBUG -   ('Mission_configurations', 'ships') -> ('Mission_configurations.ship_id', 'ships.ship_id')
2025-12-11 13:47:21,089 - DEBUG -   ('monthly_utilization', 'system_configuration') -> ('monthly_utilization.component_id', 'system_configuration.component_id')
2025-12-11 13:47:21,089 - DEBUG -   ('Overhaul_metadata', 'system_configuration') -> ('Overhaul_metadata.component_id', 'system_configuration.component_id')
2025-12-11 13:47:21,089 - DEBUG -   ('Overhaul_Readings', 'system_configuration') -> ('Overhaul_Readings.component_id', 'system_configuration.component_id')
2025-12-11 13:47:21,089 - DEBUG -   ('rcm', 'system_configuration') -> ('rcm.component_id', 'system_configuration.component_id')
2025-12-11 13:47:21,089 - DEBUG -   ('refresh_tokens', 'users') -> ('refresh_tokens.user_id', 'users.id')
2025-12-11 13:47:21,089 - DEBUG -   ('sensor_metadata', 'system_configuration') -> ('sensor_metadata.component_id', 'system_configuration.component_id')
2025-12-11 13:47:21,089 - DEBUG -   ('sensor_metadata', 'failure_modes') -> ('sensor_metadata.failure_mode_id', 'failure_modes.failure_mode_id')
2025-12-11 13:47:21,089 - DEBUG -   ('sensor_readings', 'system_configuration') -> ('sensor_readings.component_id', 'system_configuration.component_id')
2025-12-11 13:47:21,090 - DEBUG -   ('sensor_readings', 'sensor_metadata') -> ('sensor_readings.sensor_id', 'sensor_metadata.sensor_id')
2025-12-11 13:47:21,090 - DEBUG -   ('system_configuration', 'departments') -> ('system_configuration.department_id', 'departments.department_id')
2025-12-11 13:47:21,090 - DEBUG -   ('system_configuration', 'system_configuration') -> ('system_configuration.parent_id', 'system_configuration.component_id')
2025-12-11 13:47:21,090 - DEBUG -   ('system_configuration', 'ships') -> ('system_configuration.ship_id', 'ships.ship_id')
2025-12-11 13:47:21,090 - DEBUG -   ('system_configuration', 'systems') -> ('system_configuration.system_id', 'systems.system_id')
2025-12-11 13:47:21,090 - INFO - 📌 Loaded conversation memory from disk.
2025-12-11 13:47:21,090 - INFO - 📌 Initialized memory: Last 5 exchanges
2025-12-11 13:47:24,149 - INFO - Loading configuration from: /home/user/IITB/netra/backend/utils/config.yaml
2025-12-11 13:47:24,164 - INFO - Initializing LLMClient with Ollama model: codellama:7b-instruct
2025-12-11 13:47:24,164 - INFO - Loading configuration from: /home/user/IITB/netra/backend/utils/config.yaml
2025-12-11 13:47:24,179 - INFO - Loading configuration from: /home/user/IITB/netra/backend/utils/config.yaml
2025-12-11 13:47:24,194 - INFO - Initializing LLMClient with Ollama model: codellama:7b-instruct
2025-12-11 13:47:24,203 - INFO - ✅ Database engine created with URL: mssql+pyodbc://sa:Camlab110@localhost:1433/NetraKoshx?driver=ODBC+Driver+18+for+SQL+Server&TrustServerCertificate=yes&timeout=300
2025-12-11 13:47:24,224 - INFO - 🔍 Found tables: ['alembic_version', 'alphabeta', 'departments', 'etabeta', 'etl_audit_log', 'etl_schedule', 'failure_modes', 'Mission_configurations', 'monthly_utilization', 'Overhaul_metadata', 'Overhaul_Readings', 'rcm', 'refresh_tokens', 'sensor_metadata', 'sensor_readings', 'ships', 'system_configuration', 'systems', 'users']
2025-12-11 13:47:24,230 - DEBUG - 📊 Table alembic_version columns: ['version_num']
2025-12-11 13:47:24,233 - DEBUG - 📊 Table alphabeta columns: ['id', 'alpha', 'beta', 'component_id']
2025-12-11 13:47:24,235 - DEBUG - 📊 Table departments columns: ['ship_id', 'department_name', 'department_code', 'department_id', 'created_date', 'modified_date']
2025-12-11 13:47:24,238 - DEBUG - 📊 Table etabeta columns: ['id', 'eta', 'beta', 'component_id', 'priority']
2025-12-11 13:47:24,242 - DEBUG - 📊 Table etl_audit_log columns: ['log_id', 'run_id', 'component_id', 'ship_name', 'nomenclature', 'start_time', 'end_time', 'duration_ms', 'rows_processed', 'rows_inserted', 'rows_updated', 'status', 'error_details', 'retry_attempt', 'created_at']
2025-12-11 13:47:24,245 - DEBUG - 📊 Table etl_schedule columns: ['component_id', 'frequency_minutes', 'last_run_time', 'next_run_time', 'status', 'retry_count', 'max_retries', 'error_message', 'created_at', 'updated_at']
2025-12-11 13:47:24,247 - DEBUG - 📊 Table failure_modes columns: ['name', 'severity', 'component_id', 'failure_mode_id']
2025-12-11 13:47:24,250 - DEBUG - 📊 Table Mission_configurations columns: ['config_name', 'id', 'created_date', 'modified_date', 'configuration', 'ship_id', 'ship_name']
2025-12-11 13:47:24,253 - DEBUG - 📊 Table monthly_utilization columns: ['id', 'operation_date', 'utlization', 'component_id']
2025-12-11 13:47:24,255 - DEBUG - 📊 Table Overhaul_metadata columns: ['id', 'component_id', 'overhaul_frequency_hours', 'total_overhaul_events', 'last_overhaul_date']
2025-12-11 13:47:24,258 - DEBUG - 📊 Table Overhaul_Readings columns: ['id', 'component_id', 'maintenance_type', 'defect_date', 'cmms_running_age', 'running_age']
2025-12-11 13:47:24,261 - DEBUG - 📊 Table rcm columns: ['rcm_id', 'component_id', 'decision_path', 'maintenance_policy', 'created_date', 'modified_date']
2025-12-11 13:47:24,263 - DEBUG - 📊 Table refresh_tokens columns: ['id', 'token', 'user_id', 'expires_at', 'created_at', 'is_revoked']
2025-12-11 13:47:24,266 - DEBUG - 📊 Table sensor_metadata columns: ['sensor_name', 'unit', 'min_value', 'max_value', 'frequency', 'P', 'F', 'component_id', 'sensor_id', 'failure_mode_id']
2025-12-11 13:47:24,269 - DEBUG - 📊 Table sensor_readings columns: ['value', 'operating_hours', 'alert', 'id', 'date', 'component_id', 'sensor_id']
2025-12-11 13:47:24,272 - DEBUG - 📊 Table ships columns: ['ship_name', 'ship_category', 'ship_class', 'command', 'ship_id', 'created_date', 'modified_date']
2025-12-11 13:47:24,275 - DEBUG - 📊 Table system_configuration columns: ['component_name', 'parent_id', 'department_id', 'CMMS_EquipmentCode', 'is_lmu', 'parent_name', 'nomenclature', 'etl', 'component_id', 'created_date', 'modified_date', 'ship_id', 'system_id', 'RepairType']
2025-12-11 13:47:24,278 - DEBUG - 📊 Table systems columns: ['system_id', 'system_type', 'created_date']
2025-12-11 13:47:24,281 - DEBUG - 📊 Table users columns: ['email', 'username', 'full_name', 'role', 'is_active', 'id', 'hashed_password', 'created_at', 'updated_at', 'last_login']
2025-12-11 13:47:24,286 - DEBUG - 🔗 Foreign keys for alembic_version: []
2025-12-11 13:47:24,291 - DEBUG - 🔗 Foreign keys for alphabeta: [{'name': 'FK__alphabeta__compo__3E1D39E1', 'constrained_columns': ['component_id'], 'referred_schema': None, 'referred_table': 'system_configuration', 'referred_columns': ['component_id'], 'options': {}}]
2025-12-11 13:47:24,291 - DEBUG - 🔗 Added relationship: alphabeta.component_id -> system_configuration.component_id
2025-12-11 13:47:24,295 - DEBUG - 🔗 Foreign keys for departments: [{'name': 'FK__departmen__ship___47DBAE45', 'constrained_columns': ['ship_id'], 'referred_schema': None, 'referred_table': 'ships', 'referred_columns': ['ship_id'], 'options': {}}]
2025-12-11 13:47:24,295 - DEBUG - 🔗 Added relationship: departments.ship_id -> ships.ship_id
2025-12-11 13:47:24,300 - DEBUG - 🔗 Foreign keys for etabeta: [{'name': 'FK__etabeta__compone__40F9A68C', 'constrained_columns': ['component_id'], 'referred_schema': None, 'referred_table': 'system_configuration', 'referred_columns': ['component_id'], 'options': {}}]
2025-12-11 13:47:24,300 - DEBUG - 🔗 Added relationship: etabeta.component_id -> system_configuration.component_id
2025-12-11 13:47:24,304 - DEBUG - 🔗 Foreign keys for etl_audit_log: [{'name': 'FK__etl_audit__compo__55009F39', 'constrained_columns': ['component_id'], 'referred_schema': None, 'referred_table': 'system_configuration', 'referred_columns': ['component_id'], 'options': {}}]
2025-12-11 13:47:24,304 - DEBUG - 🔗 Added relationship: etl_audit_log.component_id -> system_configuration.component_id
2025-12-11 13:47:24,308 - DEBUG - 🔗 Foreign keys for etl_schedule: [{'name': 'FK__etl_sched__compo__57DD0BE4', 'constrained_columns': ['component_id'], 'referred_schema': None, 'referred_table': 'system_configuration', 'referred_columns': ['component_id'], 'options': {}}]
2025-12-11 13:47:24,308 - DEBUG - 🔗 Added relationship: etl_schedule.component_id -> system_configuration.component_id
2025-12-11 13:47:24,312 - DEBUG - 🔗 Foreign keys for failure_modes: [{'name': 'FK__failure_m__compo__37703C52', 'constrained_columns': ['component_id'], 'referred_schema': None, 'referred_table': 'system_configuration', 'referred_columns': ['component_id'], 'options': {}}]
2025-12-11 13:47:24,312 - DEBUG - 🔗 Added relationship: failure_modes.component_id -> system_configuration.component_id
2025-12-11 13:47:24,317 - DEBUG - 🔗 Foreign keys for Mission_configurations: [{'name': 'fk_mission_ship', 'constrained_columns': ['ship_id'], 'referred_schema': None, 'referred_table': 'ships', 'referred_columns': ['ship_id'], 'options': {}}]
2025-12-11 13:47:24,317 - DEBUG - 🔗 Added relationship: Mission_configurations.ship_id -> ships.ship_id
2025-12-11 13:47:24,321 - DEBUG - 🔗 Foreign keys for monthly_utilization: [{'name': 'FK__monthly_u__compo__2EDAF651', 'constrained_columns': ['component_id'], 'referred_schema': None, 'referred_table': 'system_configuration', 'referred_columns': ['component_id'], 'options': {}}]
2025-12-11 13:47:24,321 - DEBUG - 🔗 Added relationship: monthly_utilization.component_id -> system_configuration.component_id
2025-12-11 13:47:24,325 - DEBUG - 🔗 Foreign keys for Overhaul_metadata: [{'name': 'FK__Overhaul___compo__214BF109', 'constrained_columns': ['component_id'], 'referred_schema': None, 'referred_table': 'system_configuration', 'referred_columns': ['component_id'], 'options': {}}]
2025-12-11 13:47:24,325 - DEBUG - 🔗 Added relationship: Overhaul_metadata.component_id -> system_configuration.component_id
2025-12-11 13:47:24,329 - DEBUG - 🔗 Foreign keys for Overhaul_Readings: [{'name': 'FK__Overhaul___compo__1E6F845E', 'constrained_columns': ['component_id'], 'referred_schema': None, 'referred_table': 'system_configuration', 'referred_columns': ['component_id'], 'options': {}}]
2025-12-11 13:47:24,329 - DEBUG - 🔗 Added relationship: Overhaul_Readings.component_id -> system_configuration.component_id
2025-12-11 13:47:24,333 - DEBUG - 🔗 Foreign keys for rcm: [{'name': 'FK__rcm__component_i__308E3499', 'constrained_columns': ['component_id'], 'referred_schema': None, 'referred_table': 'system_configuration', 'referred_columns': ['component_id'], 'options': {}}]
2025-12-11 13:47:24,334 - DEBUG - 🔗 Added relationship: rcm.component_id -> system_configuration.component_id
2025-12-11 13:47:24,338 - DEBUG - 🔗 Foreign keys for refresh_tokens: [{'name': 'FK__refresh_t__user___49C3F6B7', 'constrained_columns': ['user_id'], 'referred_schema': None, 'referred_table': 'users', 'referred_columns': ['id'], 'options': {}}]
2025-12-11 13:47:24,338 - DEBUG - 🔗 Added relationship: refresh_tokens.user_id -> users.id
2025-12-11 13:47:24,342 - DEBUG - 🔗 Foreign keys for sensor_metadata: [{'name': 'FK__sensor_me__compo__31B762FC', 'constrained_columns': ['component_id'], 'referred_schema': None, 'referred_table': 'system_configuration', 'referred_columns': ['component_id'], 'options': {}}, {'name': 'FK__sensor_me__failu__32AB8735', 'constrained_columns': ['failure_mode_id'], 'referred_schema': None, 'referred_table': 'failure_modes', 'referred_columns': ['failure_mode_id'], 'options': {}}]
2025-12-11 13:47:24,342 - DEBUG - 🔗 Added relationship: sensor_metadata.component_id -> system_configuration.component_id
2025-12-11 13:47:24,342 - DEBUG - 🔗 Added relationship: sensor_metadata.failure_mode_id -> failure_modes.failure_mode_id
2025-12-11 13:47:24,347 - DEBUG - 🔗 Foreign keys for sensor_readings: [{'name': 'FK__sensor_re__compo__3587F3E0', 'constrained_columns': ['component_id'], 'referred_schema': None, 'referred_table': 'system_configuration', 'referred_columns': ['component_id'], 'options': {}}, {'name': 'FK__sensor_re__senso__367C1819', 'constrained_columns': ['sensor_id'], 'referred_schema': None, 'referred_table': 'sensor_metadata', 'referred_columns': ['sensor_id'], 'options': {}}]
2025-12-11 13:47:24,347 - DEBUG - 🔗 Added relationship: sensor_readings.component_id -> system_configuration.component_id
2025-12-11 13:47:24,347 - DEBUG - 🔗 Added relationship: sensor_readings.sensor_id -> sensor_metadata.sensor_id
2025-12-11 13:47:24,351 - DEBUG - 🔗 Foreign keys for ships: []
2025-12-11 13:47:24,355 - DEBUG - 🔗 Foreign keys for system_configuration: [{'name': 'FK__system_co__depar__4BAC3F29', 'constrained_columns': ['department_id'], 'referred_schema': None, 'referred_table': 'departments', 'referred_columns': ['department_id'], 'options': {}}, {'name': 'FK__system_co__paren__4CA06362', 'constrained_columns': ['parent_id'], 'referred_schema': None, 'referred_table': 'system_configuration', 'referred_columns': ['component_id'], 'options': {}}, {'name': 'FK__system_co__ship___3864608B', 'constrained_columns': ['ship_id'], 'referred_schema': None, 'referred_table': 'ships', 'referred_columns': ['ship_id'], 'options': {}}, {'name': 'FK__system_co__syste__47A6A41B', 'constrained_columns': ['system_id'], 'referred_schema': None, 'referred_table': 'systems', 'referred_columns': ['system_id'], 'options': {}}]
2025-12-11 13:47:24,355 - DEBUG - 🔗 Added relationship: system_configuration.department_id -> departments.department_id
2025-12-11 13:47:24,356 - DEBUG - 🔗 Added relationship: system_configuration.parent_id -> system_configuration.component_id
2025-12-11 13:47:24,356 - DEBUG - 🔗 Added relationship: system_configuration.ship_id -> ships.ship_id
2025-12-11 13:47:24,356 - DEBUG - 🔗 Added relationship: system_configuration.system_id -> systems.system_id
2025-12-11 13:47:24,360 - DEBUG - 🔗 Foreign keys for systems: []
2025-12-11 13:47:24,364 - DEBUG - 🔗 Foreign keys for users: []
2025-12-11 13:47:24,364 - INFO - ✅ Schema loading complete. Found 19 tables and 20 relationships
2025-12-11 13:47:24,364 - DEBUG - 🔍 Relationship Details:
2025-12-11 13:47:24,364 - DEBUG -   ('alphabeta', 'system_configuration') -> ('alphabeta.component_id', 'system_configuration.component_id')
2025-12-11 13:47:24,364 - DEBUG -   ('departments', 'ships') -> ('departments.ship_id', 'ships.ship_id')
2025-12-11 13:47:24,364 - DEBUG -   ('etabeta', 'system_configuration') -> ('etabeta.component_id', 'system_configuration.component_id')
2025-12-11 13:47:24,364 - DEBUG -   ('etl_audit_log', 'system_configuration') -> ('etl_audit_log.component_id', 'system_configuration.component_id')
2025-12-11 13:47:24,364 - DEBUG -   ('etl_schedule', 'system_configuration') -> ('etl_schedule.component_id', 'system_configuration.component_id')
2025-12-11 13:47:24,364 - DEBUG -   ('failure_modes', 'system_configuration') -> ('failure_modes.component_id', 'system_configuration.component_id')
2025-12-11 13:47:24,364 - DEBUG -   ('Mission_configurations', 'ships') -> ('Mission_configurations.ship_id', 'ships.ship_id')
2025-12-11 13:47:24,364 - DEBUG -   ('monthly_utilization', 'system_configuration') -> ('monthly_utilization.component_id', 'system_configuration.component_id')
2025-12-11 13:47:24,364 - DEBUG -   ('Overhaul_metadata', 'system_configuration') -> ('Overhaul_metadata.component_id', 'system_configuration.component_id')
2025-12-11 13:47:24,364 - DEBUG -   ('Overhaul_Readings', 'system_configuration') -> ('Overhaul_Readings.component_id', 'system_configuration.component_id')
2025-12-11 13:47:24,365 - DEBUG -   ('rcm', 'system_configuration') -> ('rcm.component_id', 'system_configuration.component_id')
2025-12-11 13:47:24,365 - DEBUG -   ('refresh_tokens', 'users') -> ('refresh_tokens.user_id', 'users.id')
2025-12-11 13:47:24,365 - DEBUG -   ('sensor_metadata', 'system_configuration') -> ('sensor_metadata.component_id', 'system_configuration.component_id')
2025-12-11 13:47:24,365 - DEBUG -   ('sensor_metadata', 'failure_modes') -> ('sensor_metadata.failure_mode_id', 'failure_modes.failure_mode_id')
2025-12-11 13:47:24,365 - DEBUG -   ('sensor_readings', 'system_configuration') -> ('sensor_readings.component_id', 'system_configuration.component_id')
2025-12-11 13:47:24,365 - DEBUG -   ('sensor_readings', 'sensor_metadata') -> ('sensor_readings.sensor_id', 'sensor_metadata.sensor_id')
2025-12-11 13:47:24,365 - DEBUG -   ('system_configuration', 'departments') -> ('system_configuration.department_id', 'departments.department_id')
2025-12-11 13:47:24,365 - DEBUG -   ('system_configuration', 'system_configuration') -> ('system_configuration.parent_id', 'system_configuration.component_id')
2025-12-11 13:47:24,365 - DEBUG -   ('system_configuration', 'ships') -> ('system_configuration.ship_id', 'ships.ship_id')
2025-12-11 13:47:24,365 - DEBUG -   ('system_configuration', 'systems') -> ('system_configuration.system_id', 'systems.system_id')
2025-12-11 13:47:24,365 - INFO - 📌 Loaded conversation memory from disk.
2025-12-11 13:47:24,365 - INFO - 📌 Initialized memory: Last 5 exchanges
2025-12-11 13:47:24,550 - DEBUG - loaded lazy attr 'SafeConfigParser': <class 'configparser.ConfigParser'>
2025-12-11 13:47:24,550 - DEBUG - loaded lazy attr 'NativeStringIO': <class '_io.StringIO'>
2025-12-11 13:47:24,550 - DEBUG - loaded lazy attr 'BytesIO': <class '_io.BytesIO'>
2025-12-11 13:47:24,552 - DEBUG - registered 'bcrypt' handler: <class 'passlib.handlers.bcrypt.bcrypt'>
2025-12-11 13:47:25,177 - INFO - MissionReliabilityCalculator initialized
2025-12-11 13:47:25,443 - INFO - Loading configuration from: /home/user/IITB/netra/backend/utils/config.yaml
2025-12-11 13:47:25,459 - INFO - Initializing LLMClient with Ollama model: codellama:7b-instruct
2025-12-11 13:47:25,460 - INFO - ✅ Database engine created with URL: mssql+pyodbc://sa:Camlab110@localhost:1433/NetraKoshx?driver=ODBC+Driver+18+for+SQL+Server&TrustServerCertificate=yes&timeout=300
2025-12-11 13:47:25,707 - INFO - 🔍 Found tables: ['alembic_version', 'alphabeta', 'departments', 'etabeta', 'etl_audit_log', 'etl_schedule', 'failure_modes', 'Mission_configurations', 'monthly_utilization', 'Overhaul_metadata', 'Overhaul_Readings', 'rcm', 'refresh_tokens', 'sensor_metadata', 'sensor_readings', 'ships', 'system_configuration', 'systems', 'users']
2025-12-11 13:47:25,712 - DEBUG - 📊 Table alembic_version columns: ['version_num']
2025-12-11 13:47:25,715 - DEBUG - 📊 Table alphabeta columns: ['id', 'alpha', 'beta', 'component_id']
2025-12-11 13:47:25,718 - DEBUG - 📊 Table departments columns: ['ship_id', 'department_name', 'department_code', 'department_id', 'created_date', 'modified_date']
2025-12-11 13:47:25,721 - DEBUG - 📊 Table etabeta columns: ['id', 'eta', 'beta', 'component_id', 'priority']
2025-12-11 13:47:25,725 - DEBUG - 📊 Table etl_audit_log columns: ['log_id', 'run_id', 'component_id', 'ship_name', 'nomenclature', 'start_time', 'end_time', 'duration_ms', 'rows_processed', 'rows_inserted', 'rows_updated', 'status', 'error_details', 'retry_attempt', 'created_at']
2025-12-11 13:47:25,729 - DEBUG - 📊 Table etl_schedule columns: ['component_id', 'frequency_minutes', 'last_run_time', 'next_run_time', 'status', 'retry_count', 'max_retries', 'error_message', 'created_at', 'updated_at']
2025-12-11 13:47:25,732 - DEBUG - 📊 Table failure_modes columns: ['name', 'severity', 'component_id', 'failure_mode_id']
2025-12-11 13:47:25,735 - DEBUG - 📊 Table Mission_configurations columns: ['config_name', 'id', 'created_date', 'modified_date', 'configuration', 'ship_id', 'ship_name']
2025-12-11 13:47:25,738 - DEBUG - 📊 Table monthly_utilization columns: ['id', 'operation_date', 'utlization', 'component_id']
2025-12-11 13:47:25,741 - DEBUG - 📊 Table Overhaul_metadata columns: ['id', 'component_id', 'overhaul_frequency_hours', 'total_overhaul_events', 'last_overhaul_date']
2025-12-11 13:47:25,743 - DEBUG - 📊 Table Overhaul_Readings columns: ['id', 'component_id', 'maintenance_type', 'defect_date', 'cmms_running_age', 'running_age']
2025-12-11 13:47:25,746 - DEBUG - 📊 Table rcm columns: ['rcm_id', 'component_id', 'decision_path', 'maintenance_policy', 'created_date', 'modified_date']
2025-12-11 13:47:25,749 - DEBUG - 📊 Table refresh_tokens columns: ['id', 'token', 'user_id', 'expires_at', 'created_at', 'is_revoked']
2025-12-11 13:47:25,752 - DEBUG - 📊 Table sensor_metadata columns: ['sensor_name', 'unit', 'min_value', 'max_value', 'frequency', 'P', 'F', 'component_id', 'sensor_id', 'failure_mode_id']
2025-12-11 13:47:25,755 - DEBUG - 📊 Table sensor_readings columns: ['value', 'operating_hours', 'alert', 'id', 'date', 'component_id', 'sensor_id']
2025-12-11 13:47:25,757 - DEBUG - 📊 Table ships columns: ['ship_name', 'ship_category', 'ship_class', 'command', 'ship_id', 'created_date', 'modified_date']
2025-12-11 13:47:25,761 - DEBUG - 📊 Table system_configuration columns: ['component_name', 'parent_id', 'department_id', 'CMMS_EquipmentCode', 'is_lmu', 'parent_name', 'nomenclature', 'etl', 'component_id', 'created_date', 'modified_date', 'ship_id', 'system_id', 'RepairType']
2025-12-11 13:47:25,763 - DEBUG - 📊 Table systems columns: ['system_id', 'system_type', 'created_date']
2025-12-11 13:47:25,766 - DEBUG - 📊 Table users columns: ['email', 'username', 'full_name', 'role', 'is_active', 'id', 'hashed_password', 'created_at', 'updated_at', 'last_login']
2025-12-11 13:47:25,772 - DEBUG - 🔗 Foreign keys for alembic_version: []
2025-12-11 13:47:25,776 - DEBUG - 🔗 Foreign keys for alphabeta: [{'name': 'FK__alphabeta__compo__3E1D39E1', 'constrained_columns': ['component_id'], 'referred_schema': None, 'referred_table': 'system_configuration', 'referred_columns': ['component_id'], 'options': {}}]
2025-12-11 13:47:25,776 - DEBUG - 🔗 Added relationship: alphabeta.component_id -> system_configuration.component_id
2025-12-11 13:47:25,780 - DEBUG - 🔗 Foreign keys for departments: [{'name': 'FK__departmen__ship___47DBAE45', 'constrained_columns': ['ship_id'], 'referred_schema': None, 'referred_table': 'ships', 'referred_columns': ['ship_id'], 'options': {}}]
2025-12-11 13:47:25,780 - DEBUG - 🔗 Added relationship: departments.ship_id -> ships.ship_id
2025-12-11 13:47:25,785 - DEBUG - 🔗 Foreign keys for etabeta: [{'name': 'FK__etabeta__compone__40F9A68C', 'constrained_columns': ['component_id'], 'referred_schema': None, 'referred_table': 'system_configuration', 'referred_columns': ['component_id'], 'options': {}}]
2025-12-11 13:47:25,785 - DEBUG - 🔗 Added relationship: etabeta.component_id -> system_configuration.component_id
2025-12-11 13:47:25,789 - DEBUG - 🔗 Foreign keys for etl_audit_log: [{'name': 'FK__etl_audit__compo__55009F39', 'constrained_columns': ['component_id'], 'referred_schema': None, 'referred_table': 'system_configuration', 'referred_columns': ['component_id'], 'options': {}}]
2025-12-11 13:47:25,789 - DEBUG - 🔗 Added relationship: etl_audit_log.component_id -> system_configuration.component_id
2025-12-11 13:47:25,793 - DEBUG - 🔗 Foreign keys for etl_schedule: [{'name': 'FK__etl_sched__compo__57DD0BE4', 'constrained_columns': ['component_id'], 'referred_schema': None, 'referred_table': 'system_configuration', 'referred_columns': ['component_id'], 'options': {}}]
2025-12-11 13:47:25,793 - DEBUG - 🔗 Added relationship: etl_schedule.component_id -> system_configuration.component_id
2025-12-11 13:47:25,797 - DEBUG - 🔗 Foreign keys for failure_modes: [{'name': 'FK__failure_m__compo__37703C52', 'constrained_columns': ['component_id'], 'referred_schema': None, 'referred_table': 'system_configuration', 'referred_columns': ['component_id'], 'options': {}}]
2025-12-11 13:47:25,797 - DEBUG - 🔗 Added relationship: failure_modes.component_id -> system_configuration.component_id
2025-12-11 13:47:25,802 - DEBUG - 🔗 Foreign keys for Mission_configurations: [{'name': 'fk_mission_ship', 'constrained_columns': ['ship_id'], 'referred_schema': None, 'referred_table': 'ships', 'referred_columns': ['ship_id'], 'options': {}}]
2025-12-11 13:47:25,802 - DEBUG - 🔗 Added relationship: Mission_configurations.ship_id -> ships.ship_id
2025-12-11 13:47:25,806 - DEBUG - 🔗 Foreign keys for monthly_utilization: [{'name': 'FK__monthly_u__compo__2EDAF651', 'constrained_columns': ['component_id'], 'referred_schema': None, 'referred_table': 'system_configuration', 'referred_columns': ['component_id'], 'options': {}}]
2025-12-11 13:47:25,806 - DEBUG - 🔗 Added relationship: monthly_utilization.component_id -> system_configuration.component_id
2025-12-11 13:47:25,810 - DEBUG - 🔗 Foreign keys for Overhaul_metadata: [{'name': 'FK__Overhaul___compo__214BF109', 'constrained_columns': ['component_id'], 'referred_schema': None, 'referred_table': 'system_configuration', 'referred_columns': ['component_id'], 'options': {}}]
2025-12-11 13:47:25,810 - DEBUG - 🔗 Added relationship: Overhaul_metadata.component_id -> system_configuration.component_id
2025-12-11 13:47:25,815 - DEBUG - 🔗 Foreign keys for Overhaul_Readings: [{'name': 'FK__Overhaul___compo__1E6F845E', 'constrained_columns': ['component_id'], 'referred_schema': None, 'referred_table': 'system_configuration', 'referred_columns': ['component_id'], 'options': {}}]
2025-12-11 13:47:25,815 - DEBUG - 🔗 Added relationship: Overhaul_Readings.component_id -> system_configuration.component_id
2025-12-11 13:47:25,819 - DEBUG - 🔗 Foreign keys for rcm: [{'name': 'FK__rcm__component_i__308E3499', 'constrained_columns': ['component_id'], 'referred_schema': None, 'referred_table': 'system_configuration', 'referred_columns': ['component_id'], 'options': {}}]
2025-12-11 13:47:25,819 - DEBUG - 🔗 Added relationship: rcm.component_id -> system_configuration.component_id
2025-12-11 13:47:25,823 - DEBUG - 🔗 Foreign keys for refresh_tokens: [{'name': 'FK__refresh_t__user___49C3F6B7', 'constrained_columns': ['user_id'], 'referred_schema': None, 'referred_table': 'users', 'referred_columns': ['id'], 'options': {}}]
2025-12-11 13:47:25,824 - DEBUG - 🔗 Added relationship: refresh_tokens.user_id -> users.id
2025-12-11 13:47:25,828 - DEBUG - 🔗 Foreign keys for sensor_metadata: [{'name': 'FK__sensor_me__compo__31B762FC', 'constrained_columns': ['component_id'], 'referred_schema': None, 'referred_table': 'system_configuration', 'referred_columns': ['component_id'], 'options': {}}, {'name': 'FK__sensor_me__failu__32AB8735', 'constrained_columns': ['failure_mode_id'], 'referred_schema': None, 'referred_table': 'failure_modes', 'referred_columns': ['failure_mode_id'], 'options': {}}]
2025-12-11 13:47:25,828 - DEBUG - 🔗 Added relationship: sensor_metadata.component_id -> system_configuration.component_id
2025-12-11 13:47:25,828 - DEBUG - 🔗 Added relationship: sensor_metadata.failure_mode_id -> failure_modes.failure_mode_id
2025-12-11 13:47:25,833 - DEBUG - 🔗 Foreign keys for sensor_readings: [{'name': 'FK__sensor_re__compo__3587F3E0', 'constrained_columns': ['component_id'], 'referred_schema': None, 'referred_table': 'system_configuration', 'referred_columns': ['component_id'], 'options': {}}, {'name': 'FK__sensor_re__senso__367C1819', 'constrained_columns': ['sensor_id'], 'referred_schema': None, 'referred_table': 'sensor_metadata', 'referred_columns': ['sensor_id'], 'options': {}}]
2025-12-11 13:47:25,833 - DEBUG - 🔗 Added relationship: sensor_readings.component_id -> system_configuration.component_id
2025-12-11 13:47:25,833 - DEBUG - 🔗 Added relationship: sensor_readings.sensor_id -> sensor_metadata.sensor_id
2025-12-11 13:47:25,837 - DEBUG - 🔗 Foreign keys for ships: []
2025-12-11 13:47:25,842 - DEBUG - 🔗 Foreign keys for system_configuration: [{'name': 'FK__system_co__depar__4BAC3F29', 'constrained_columns': ['department_id'], 'referred_schema': None, 'referred_table': 'departments', 'referred_columns': ['department_id'], 'options': {}}, {'name': 'FK__system_co__paren__4CA06362', 'constrained_columns': ['parent_id'], 'referred_schema': None, 'referred_table': 'system_configuration', 'referred_columns': ['component_id'], 'options': {}}, {'name': 'FK__system_co__ship___3864608B', 'constrained_columns': ['ship_id'], 'referred_schema': None, 'referred_table': 'ships', 'referred_columns': ['ship_id'], 'options': {}}, {'name': 'FK__system_co__syste__47A6A41B', 'constrained_columns': ['system_id'], 'referred_schema': None, 'referred_table': 'systems', 'referred_columns': ['system_id'], 'options': {}}]
2025-12-11 13:47:25,842 - DEBUG - 🔗 Added relationship: system_configuration.department_id -> departments.department_id
2025-12-11 13:47:25,842 - DEBUG - 🔗 Added relationship: system_configuration.parent_id -> system_configuration.component_id
2025-12-11 13:47:25,842 - DEBUG - 🔗 Added relationship: system_configuration.ship_id -> ships.ship_id
2025-12-11 13:47:25,842 - DEBUG - 🔗 Added relationship: system_configuration.system_id -> systems.system_id
2025-12-11 13:47:25,847 - DEBUG - 🔗 Foreign keys for systems: []
2025-12-11 13:47:25,851 - DEBUG - 🔗 Foreign keys for users: []
2025-12-11 13:47:25,851 - INFO - ✅ Schema loading complete. Found 19 tables and 20 relationships
2025-12-11 13:47:25,851 - DEBUG - 🔍 Relationship Details:
2025-12-11 13:47:25,851 - DEBUG -   ('alphabeta', 'system_configuration') -> ('alphabeta.component_id', 'system_configuration.component_id')
2025-12-11 13:47:25,851 - DEBUG -   ('departments', 'ships') -> ('departments.ship_id', 'ships.ship_id')
2025-12-11 13:47:25,851 - DEBUG -   ('etabeta', 'system_configuration') -> ('etabeta.component_id', 'system_configuration.component_id')
2025-12-11 13:47:25,851 - DEBUG -   ('etl_audit_log', 'system_configuration') -> ('etl_audit_log.component_id', 'system_configuration.component_id')
2025-12-11 13:47:25,851 - DEBUG -   ('etl_schedule', 'system_configuration') -> ('etl_schedule.component_id', 'system_configuration.component_id')
2025-12-11 13:47:25,851 - DEBUG -   ('failure_modes', 'system_configuration') -> ('failure_modes.component_id', 'system_configuration.component_id')
2025-12-11 13:47:25,851 - DEBUG -   ('Mission_configurations', 'ships') -> ('Mission_configurations.ship_id', 'ships.ship_id')
2025-12-11 13:47:25,851 - DEBUG -   ('monthly_utilization', 'system_configuration') -> ('monthly_utilization.component_id', 'system_configuration.component_id')
2025-12-11 13:47:25,851 - DEBUG -   ('Overhaul_metadata', 'system_configuration') -> ('Overhaul_metadata.component_id', 'system_configuration.component_id')
2025-12-11 13:47:25,851 - DEBUG -   ('Overhaul_Readings', 'system_configuration') -> ('Overhaul_Readings.component_id', 'system_configuration.component_id')
2025-12-11 13:47:25,851 - DEBUG -   ('rcm', 'system_configuration') -> ('rcm.component_id', 'system_configuration.component_id')
2025-12-11 13:47:25,851 - DEBUG -   ('refresh_tokens', 'users') -> ('refresh_tokens.user_id', 'users.id')
2025-12-11 13:47:25,851 - DEBUG -   ('sensor_metadata', 'system_configuration') -> ('sensor_metadata.component_id', 'system_configuration.component_id')
2025-12-11 13:47:25,851 - DEBUG -   ('sensor_metadata', 'failure_modes') -> ('sensor_metadata.failure_mode_id', 'failure_modes.failure_mode_id')
2025-12-11 13:47:25,851 - DEBUG -   ('sensor_readings', 'system_configuration') -> ('sensor_readings.component_id', 'system_configuration.component_id')
2025-12-11 13:47:25,851 - DEBUG -   ('sensor_readings', 'sensor_metadata') -> ('sensor_readings.sensor_id', 'sensor_metadata.sensor_id')
2025-12-11 13:47:25,852 - DEBUG -   ('system_configuration', 'departments') -> ('system_configuration.department_id', 'departments.department_id')
2025-12-11 13:47:25,852 - DEBUG -   ('system_configuration', 'system_configuration') -> ('system_configuration.parent_id', 'system_configuration.component_id')
2025-12-11 13:47:25,852 - DEBUG -   ('system_configuration', 'ships') -> ('system_configuration.ship_id', 'ships.ship_id')
2025-12-11 13:47:25,852 - DEBUG -   ('system_configuration', 'systems') -> ('system_configuration.system_id', 'systems.system_id')
2025-12-11 13:47:26,987 - INFO - Loading configuration from: /home/user/IITB/netra/backend/utils/config.yaml
2025-12-11 13:47:27,003 - INFO - Initializing LLMClient with Ollama model: codellama:7b-instruct
2025-12-11 13:47:27,003 - INFO - Loading configuration from: /home/user/IITB/netra/backend/utils/config.yaml
2025-12-11 13:47:27,018 - INFO - Loading configuration from: /home/user/IITB/netra/backend/utils/config.yaml
2025-12-11 13:47:27,032 - INFO - Initializing LLMClient with Ollama model: codellama:7b-instruct
2025-12-11 13:47:27,042 - INFO - ✅ Database engine created with URL: mssql+pyodbc://sa:Camlab110@localhost:1433/NetraKoshx?driver=ODBC+Driver+18+for+SQL+Server&TrustServerCertificate=yes&timeout=300
2025-12-11 13:47:27,061 - INFO - 🔍 Found tables: ['alembic_version', 'alphabeta', 'departments', 'etabeta', 'etl_audit_log', 'etl_schedule', 'failure_modes', 'Mission_configurations', 'monthly_utilization', 'Overhaul_metadata', 'Overhaul_Readings', 'rcm', 'refresh_tokens', 'sensor_metadata', 'sensor_readings', 'ships', 'system_configuration', 'systems', 'users']
2025-12-11 13:47:27,067 - DEBUG - 📊 Table alembic_version columns: ['version_num']
2025-12-11 13:47:27,070 - DEBUG - 📊 Table alphabeta columns: ['id', 'alpha', 'beta', 'component_id']
2025-12-11 13:47:27,073 - DEBUG - 📊 Table departments columns: ['ship_id', 'department_name', 'department_code', 'department_id', 'created_date', 'modified_date']
2025-12-11 13:47:27,075 - DEBUG - 📊 Table etabeta columns: ['id', 'eta', 'beta', 'component_id', 'priority']
2025-12-11 13:47:27,079 - DEBUG - 📊 Table etl_audit_log columns: ['log_id', 'run_id', 'component_id', 'ship_name', 'nomenclature', 'start_time', 'end_time', 'duration_ms', 'rows_processed', 'rows_inserted', 'rows_updated', 'status', 'error_details', 'retry_attempt', 'created_at']
2025-12-11 13:47:27,082 - DEBUG - 📊 Table etl_schedule columns: ['component_id', 'frequency_minutes', 'last_run_time', 'next_run_time', 'status', 'retry_count', 'max_retries', 'error_message', 'created_at', 'updated_at']
2025-12-11 13:47:27,084 - DEBUG - 📊 Table failure_modes columns: ['name', 'severity', 'component_id', 'failure_mode_id']
2025-12-11 13:47:27,087 - DEBUG - 📊 Table Mission_configurations columns: ['config_name', 'id', 'created_date', 'modified_date', 'configuration', 'ship_id', 'ship_name']
2025-12-11 13:47:27,090 - DEBUG - 📊 Table monthly_utilization columns: ['id', 'operation_date', 'utlization', 'component_id']
2025-12-11 13:47:27,092 - DEBUG - 📊 Table Overhaul_metadata columns: ['id', 'component_id', 'overhaul_frequency_hours', 'total_overhaul_events', 'last_overhaul_date']
2025-12-11 13:47:27,095 - DEBUG - 📊 Table Overhaul_Readings columns: ['id', 'component_id', 'maintenance_type', 'defect_date', 'cmms_running_age', 'running_age']
2025-12-11 13:47:27,097 - DEBUG - 📊 Table rcm columns: ['rcm_id', 'component_id', 'decision_path', 'maintenance_policy', 'created_date', 'modified_date']
2025-12-11 13:47:27,100 - DEBUG - 📊 Table refresh_tokens columns: ['id', 'token', 'user_id', 'expires_at', 'created_at', 'is_revoked']
2025-12-11 13:47:27,103 - DEBUG - 📊 Table sensor_metadata columns: ['sensor_name', 'unit', 'min_value', 'max_value', 'frequency', 'P', 'F', 'component_id', 'sensor_id', 'failure_mode_id']
2025-12-11 13:47:27,106 - DEBUG - 📊 Table sensor_readings columns: ['value', 'operating_hours', 'alert', 'id', 'date', 'component_id', 'sensor_id']
2025-12-11 13:47:27,109 - DEBUG - 📊 Table ships columns: ['ship_name', 'ship_category', 'ship_class', 'command', 'ship_id', 'created_date', 'modified_date']
2025-12-11 13:47:27,112 - DEBUG - 📊 Table system_configuration columns: ['component_name', 'parent_id', 'department_id', 'CMMS_EquipmentCode', 'is_lmu', 'parent_name', 'nomenclature', 'etl', 'component_id', 'created_date', 'modified_date', 'ship_id', 'system_id', 'RepairType']
2025-12-11 13:47:27,114 - DEBUG - 📊 Table systems columns: ['system_id', 'system_type', 'created_date']
2025-12-11 13:47:27,117 - DEBUG - 📊 Table users columns: ['email', 'username', 'full_name', 'role', 'is_active', 'id', 'hashed_password', 'created_at', 'updated_at', 'last_login']
2025-12-11 13:47:27,123 - DEBUG - 🔗 Foreign keys for alembic_version: []
2025-12-11 13:47:27,128 - DEBUG - 🔗 Foreign keys for alphabeta: [{'name': 'FK__alphabeta__compo__3E1D39E1', 'constrained_columns': ['component_id'], 'referred_schema': None, 'referred_table': 'system_configuration', 'referred_columns': ['component_id'], 'options': {}}]
2025-12-11 13:47:27,128 - DEBUG - 🔗 Added relationship: alphabeta.component_id -> system_configuration.component_id
2025-12-11 13:47:27,132 - DEBUG - 🔗 Foreign keys for departments: [{'name': 'FK__departmen__ship___47DBAE45', 'constrained_columns': ['ship_id'], 'referred_schema': None, 'referred_table': 'ships', 'referred_columns': ['ship_id'], 'options': {}}]
2025-12-11 13:47:27,132 - DEBUG - 🔗 Added relationship: departments.ship_id -> ships.ship_id
2025-12-11 13:47:27,136 - DEBUG - 🔗 Foreign keys for etabeta: [{'name': 'FK__etabeta__compone__40F9A68C', 'constrained_columns': ['component_id'], 'referred_schema': None, 'referred_table': 'system_configuration', 'referred_columns': ['component_id'], 'options': {}}]
2025-12-11 13:47:27,136 - DEBUG - 🔗 Added relationship: etabeta.component_id -> system_configuration.component_id
2025-12-11 13:47:27,141 - DEBUG - 🔗 Foreign keys for etl_audit_log: [{'name': 'FK__etl_audit__compo__55009F39', 'constrained_columns': ['component_id'], 'referred_schema': None, 'referred_table': 'system_configuration', 'referred_columns': ['component_id'], 'options': {}}]
2025-12-11 13:47:27,141 - DEBUG - 🔗 Added relationship: etl_audit_log.component_id -> system_configuration.component_id
2025-12-11 13:47:27,146 - DEBUG - 🔗 Foreign keys for etl_schedule: [{'name': 'FK__etl_sched__compo__57DD0BE4', 'constrained_columns': ['component_id'], 'referred_schema': None, 'referred_table': 'system_configuration', 'referred_columns': ['component_id'], 'options': {}}]
2025-12-11 13:47:27,146 - DEBUG - 🔗 Added relationship: etl_schedule.component_id -> system_configuration.component_id
2025-12-11 13:47:27,150 - DEBUG - 🔗 Foreign keys for failure_modes: [{'name': 'FK__failure_m__compo__37703C52', 'constrained_columns': ['component_id'], 'referred_schema': None, 'referred_table': 'system_configuration', 'referred_columns': ['component_id'], 'options': {}}]
2025-12-11 13:47:27,150 - DEBUG - 🔗 Added relationship: failure_modes.component_id -> system_configuration.component_id
2025-12-11 13:47:27,154 - DEBUG - 🔗 Foreign keys for Mission_configurations: [{'name': 'fk_mission_ship', 'constrained_columns': ['ship_id'], 'referred_schema': None, 'referred_table': 'ships', 'referred_columns': ['ship_id'], 'options': {}}]
2025-12-11 13:47:27,154 - DEBUG - 🔗 Added relationship: Mission_configurations.ship_id -> ships.ship_id
2025-12-11 13:47:27,159 - DEBUG - 🔗 Foreign keys for monthly_utilization: [{'name': 'FK__monthly_u__compo__2EDAF651', 'constrained_columns': ['component_id'], 'referred_schema': None, 'referred_table': 'system_configuration', 'referred_columns': ['component_id'], 'options': {}}]
2025-12-11 13:47:27,159 - DEBUG - 🔗 Added relationship: monthly_utilization.component_id -> system_configuration.component_id
2025-12-11 13:47:27,163 - DEBUG - 🔗 Foreign keys for Overhaul_metadata: [{'name': 'FK__Overhaul___compo__214BF109', 'constrained_columns': ['component_id'], 'referred_schema': None, 'referred_table': 'system_configuration', 'referred_columns': ['component_id'], 'options': {}}]
2025-12-11 13:47:27,163 - DEBUG - 🔗 Added relationship: Overhaul_metadata.component_id -> system_configuration.component_id
2025-12-11 13:47:27,167 - DEBUG - 🔗 Foreign keys for Overhaul_Readings: [{'name': 'FK__Overhaul___compo__1E6F845E', 'constrained_columns': ['component_id'], 'referred_schema': None, 'referred_table': 'system_configuration', 'referred_columns': ['component_id'], 'options': {}}]
2025-12-11 13:47:27,168 - DEBUG - 🔗 Added relationship: Overhaul_Readings.component_id -> system_configuration.component_id
2025-12-11 13:47:27,172 - DEBUG - 🔗 Foreign keys for rcm: [{'name': 'FK__rcm__component_i__308E3499', 'constrained_columns': ['component_id'], 'referred_schema': None, 'referred_table': 'system_configuration', 'referred_columns': ['component_id'], 'options': {}}]
2025-12-11 13:47:27,172 - DEBUG - 🔗 Added relationship: rcm.component_id -> system_configuration.component_id
2025-12-11 13:47:27,176 - DEBUG - 🔗 Foreign keys for refresh_tokens: [{'name': 'FK__refresh_t__user___49C3F6B7', 'constrained_columns': ['user_id'], 'referred_schema': None, 'referred_table': 'users', 'referred_columns': ['id'], 'options': {}}]
2025-12-11 13:47:27,176 - DEBUG - 🔗 Added relationship: refresh_tokens.user_id -> users.id
2025-12-11 13:47:27,181 - DEBUG - 🔗 Foreign keys for sensor_metadata: [{'name': 'FK__sensor_me__compo__31B762FC', 'constrained_columns': ['component_id'], 'referred_schema': None, 'referred_table': 'system_configuration', 'referred_columns': ['component_id'], 'options': {}}, {'name': 'FK__sensor_me__failu__32AB8735', 'constrained_columns': ['failure_mode_id'], 'referred_schema': None, 'referred_table': 'failure_modes', 'referred_columns': ['failure_mode_id'], 'options': {}}]
2025-12-11 13:47:27,181 - DEBUG - 🔗 Added relationship: sensor_metadata.component_id -> system_configuration.component_id
2025-12-11 13:47:27,181 - DEBUG - 🔗 Added relationship: sensor_metadata.failure_mode_id -> failure_modes.failure_mode_id
2025-12-11 13:47:27,185 - DEBUG - 🔗 Foreign keys for sensor_readings: [{'name': 'FK__sensor_re__compo__3587F3E0', 'constrained_columns': ['component_id'], 'referred_schema': None, 'referred_table': 'system_configuration', 'referred_columns': ['component_id'], 'options': {}}, {'name': 'FK__sensor_re__senso__367C1819', 'constrained_columns': ['sensor_id'], 'referred_schema': None, 'referred_table': 'sensor_metadata', 'referred_columns': ['sensor_id'], 'options': {}}]
2025-12-11 13:47:27,185 - DEBUG - 🔗 Added relationship: sensor_readings.component_id -> system_configuration.component_id
2025-12-11 13:47:27,185 - DEBUG - 🔗 Added relationship: sensor_readings.sensor_id -> sensor_metadata.sensor_id
2025-12-11 13:47:27,189 - DEBUG - 🔗 Foreign keys for ships: []
2025-12-11 13:47:27,194 - DEBUG - 🔗 Foreign keys for system_configuration: [{'name': 'FK__system_co__depar__4BAC3F29', 'constrained_columns': ['department_id'], 'referred_schema': None, 'referred_table': 'departments', 'referred_columns': ['department_id'], 'options': {}}, {'name': 'FK__system_co__paren__4CA06362', 'constrained_columns': ['parent_id'], 'referred_schema': None, 'referred_table': 'system_configuration', 'referred_columns': ['component_id'], 'options': {}}, {'name': 'FK__system_co__ship___3864608B', 'constrained_columns': ['ship_id'], 'referred_schema': None, 'referred_table': 'ships', 'referred_columns': ['ship_id'], 'options': {}}, {'name': 'FK__system_co__syste__47A6A41B', 'constrained_columns': ['system_id'], 'referred_schema': None, 'referred_table': 'systems', 'referred_columns': ['system_id'], 'options': {}}]
2025-12-11 13:47:27,194 - DEBUG - 🔗 Added relationship: system_configuration.department_id -> departments.department_id
2025-12-11 13:47:27,194 - DEBUG - 🔗 Added relationship: system_configuration.parent_id -> system_configuration.component_id
2025-12-11 13:47:27,194 - DEBUG - 🔗 Added relationship: system_configuration.ship_id -> ships.ship_id
2025-12-11 13:47:27,194 - DEBUG - 🔗 Added relationship: system_configuration.system_id -> systems.system_id
2025-12-11 13:47:27,198 - DEBUG - 🔗 Foreign keys for systems: []
2025-12-11 13:47:27,202 - DEBUG - 🔗 Foreign keys for users: []
2025-12-11 13:47:27,202 - INFO - ✅ Schema loading complete. Found 19 tables and 20 relationships
2025-12-11 13:47:27,202 - DEBUG - 🔍 Relationship Details:
2025-12-11 13:47:27,203 - DEBUG -   ('alphabeta', 'system_configuration') -> ('alphabeta.component_id', 'system_configuration.component_id')
2025-12-11 13:47:27,203 - DEBUG -   ('departments', 'ships') -> ('departments.ship_id', 'ships.ship_id')
2025-12-11 13:47:27,203 - DEBUG -   ('etabeta', 'system_configuration') -> ('etabeta.component_id', 'system_configuration.component_id')
2025-12-11 13:47:27,203 - DEBUG -   ('etl_audit_log', 'system_configuration') -> ('etl_audit_log.component_id', 'system_configuration.component_id')
2025-12-11 13:47:27,203 - DEBUG -   ('etl_schedule', 'system_configuration') -> ('etl_schedule.component_id', 'system_configuration.component_id')
2025-12-11 13:47:27,203 - DEBUG -   ('failure_modes', 'system_configuration') -> ('failure_modes.component_id', 'system_configuration.component_id')
2025-12-11 13:47:27,203 - DEBUG -   ('Mission_configurations', 'ships') -> ('Mission_configurations.ship_id', 'ships.ship_id')
2025-12-11 13:47:27,203 - DEBUG -   ('monthly_utilization', 'system_configuration') -> ('monthly_utilization.component_id', 'system_configuration.component_id')
2025-12-11 13:47:27,203 - DEBUG -   ('Overhaul_metadata', 'system_configuration') -> ('Overhaul_metadata.component_id', 'system_configuration.component_id')
2025-12-11 13:47:27,203 - DEBUG -   ('Overhaul_Readings', 'system_configuration') -> ('Overhaul_Readings.component_id', 'system_configuration.component_id')
2025-12-11 13:47:27,203 - DEBUG -   ('rcm', 'system_configuration') -> ('rcm.component_id', 'system_configuration.component_id')
2025-12-11 13:47:27,203 - DEBUG -   ('refresh_tokens', 'users') -> ('refresh_tokens.user_id', 'users.id')
2025-12-11 13:47:27,203 - DEBUG -   ('sensor_metadata', 'system_configuration') -> ('sensor_metadata.component_id', 'system_configuration.component_id')
2025-12-11 13:47:27,203 - DEBUG -   ('sensor_metadata', 'failure_modes') -> ('sensor_metadata.failure_mode_id', 'failure_modes.failure_mode_id')
2025-12-11 13:47:27,203 - DEBUG -   ('sensor_readings', 'system_configuration') -> ('sensor_readings.component_id', 'system_configuration.component_id')
2025-12-11 13:47:27,203 - DEBUG -   ('sensor_readings', 'sensor_metadata') -> ('sensor_readings.sensor_id', 'sensor_metadata.sensor_id')
2025-12-11 13:47:27,203 - DEBUG -   ('system_configuration', 'departments') -> ('system_configuration.department_id', 'departments.department_id')
2025-12-11 13:47:27,203 - DEBUG -   ('system_configuration', 'system_configuration') -> ('system_configuration.parent_id', 'system_configuration.component_id')
2025-12-11 13:47:27,203 - DEBUG -   ('system_configuration', 'ships') -> ('system_configuration.ship_id', 'ships.ship_id')
2025-12-11 13:47:27,203 - DEBUG -   ('system_configuration', 'systems') -> ('system_configuration.system_id', 'systems.system_id')
2025-12-11 13:47:27,204 - INFO - 📌 Loaded conversation memory from disk.
2025-12-11 13:47:27,204 - INFO - 📌 Initialized memory: Last 5 exchanges
2025-12-11 13:47:27,384 - DEBUG - loaded lazy attr 'SafeConfigParser': <class 'configparser.ConfigParser'>
2025-12-11 13:47:27,384 - DEBUG - loaded lazy attr 'NativeStringIO': <class '_io.StringIO'>
2025-12-11 13:47:27,384 - DEBUG - loaded lazy attr 'BytesIO': <class '_io.BytesIO'>
2025-12-11 13:47:27,386 - DEBUG - registered 'bcrypt' handler: <class 'passlib.handlers.bcrypt.bcrypt'>
2025-12-11 13:47:28,005 - INFO - MissionReliabilityCalculator initialized
2025-12-11 13:47:28,270 - INFO - Loading configuration from: /home/user/IITB/netra/backend/utils/config.yaml
2025-12-11 13:47:28,286 - INFO - Initializing LLMClient with Ollama model: codellama:7b-instruct
2025-12-11 13:47:28,287 - INFO - ✅ Database engine created with URL: mssql+pyodbc://sa:Camlab110@localhost:1433/NetraKoshx?driver=ODBC+Driver+18+for+SQL+Server&TrustServerCertificate=yes&timeout=300
2025-12-11 13:47:28,300 - INFO - 🔍 Found tables: ['alembic_version', 'alphabeta', 'departments', 'etabeta', 'etl_audit_log', 'etl_schedule', 'failure_modes', 'Mission_configurations', 'monthly_utilization', 'Overhaul_metadata', 'Overhaul_Readings', 'rcm', 'refresh_tokens', 'sensor_metadata', 'sensor_readings', 'ships', 'system_configuration', 'systems', 'users']
2025-12-11 13:47:28,304 - DEBUG - 📊 Table alembic_version columns: ['version_num']
2025-12-11 13:47:28,307 - DEBUG - 📊 Table alphabeta columns: ['id', 'alpha', 'beta', 'component_id']
2025-12-11 13:47:28,310 - DEBUG - 📊 Table departments columns: ['ship_id', 'department_name', 'department_code', 'department_id', 'created_date', 'modified_date']
2025-12-11 13:47:28,313 - DEBUG - 📊 Table etabeta columns: ['id', 'eta', 'beta', 'component_id', 'priority']
2025-12-11 13:47:28,316 - DEBUG - 📊 Table etl_audit_log columns: ['log_id', 'run_id', 'component_id', 'ship_name', 'nomenclature', 'start_time', 'end_time', 'duration_ms', 'rows_processed', 'rows_inserted', 'rows_updated', 'status', 'error_details', 'retry_attempt', 'created_at']
2025-12-11 13:47:28,319 - DEBUG - 📊 Table etl_schedule columns: ['component_id', 'frequency_minutes', 'last_run_time', 'next_run_time', 'status', 'retry_count', 'max_retries', 'error_message', 'created_at', 'updated_at']
2025-12-11 13:47:28,322 - DEBUG - 📊 Table failure_modes columns: ['name', 'severity', 'component_id', 'failure_mode_id']
2025-12-11 13:47:28,325 - DEBUG - 📊 Table Mission_configurations columns: ['config_name', 'id', 'created_date', 'modified_date', 'configuration', 'ship_id', 'ship_name']
2025-12-11 13:47:28,327 - DEBUG - 📊 Table monthly_utilization columns: ['id', 'operation_date', 'utlization', 'component_id']
2025-12-11 13:47:28,330 - DEBUG - 📊 Table Overhaul_metadata columns: ['id', 'component_id', 'overhaul_frequency_hours', 'total_overhaul_events', 'last_overhaul_date']
2025-12-11 13:47:28,333 - DEBUG - 📊 Table Overhaul_Readings columns: ['id', 'component_id', 'maintenance_type', 'defect_date', 'cmms_running_age', 'running_age']
2025-12-11 13:47:28,335 - DEBUG - 📊 Table rcm columns: ['rcm_id', 'component_id', 'decision_path', 'maintenance_policy', 'created_date', 'modified_date']
2025-12-11 13:47:28,338 - DEBUG - 📊 Table refresh_tokens columns: ['id', 'token', 'user_id', 'expires_at', 'created_at', 'is_revoked']
2025-12-11 13:47:28,341 - DEBUG - 📊 Table sensor_metadata columns: ['sensor_name', 'unit', 'min_value', 'max_value', 'frequency', 'P', 'F', 'component_id', 'sensor_id', 'failure_mode_id']
2025-12-11 13:47:28,343 - DEBUG - 📊 Table sensor_readings columns: ['value', 'operating_hours', 'alert', 'id', 'date', 'component_id', 'sensor_id']
2025-12-11 13:47:28,346 - DEBUG - 📊 Table ships columns: ['ship_name', 'ship_category', 'ship_class', 'command', 'ship_id', 'created_date', 'modified_date']
2025-12-11 13:47:28,349 - DEBUG - 📊 Table system_configuration columns: ['component_name', 'parent_id', 'department_id', 'CMMS_EquipmentCode', 'is_lmu', 'parent_name', 'nomenclature', 'etl', 'component_id', 'created_date', 'modified_date', 'ship_id', 'system_id', 'RepairType']
2025-12-11 13:47:28,351 - DEBUG - 📊 Table systems columns: ['system_id', 'system_type', 'created_date']
2025-12-11 13:47:28,354 - DEBUG - 📊 Table users columns: ['email', 'username', 'full_name', 'role', 'is_active', 'id', 'hashed_password', 'created_at', 'updated_at', 'last_login']
2025-12-11 13:47:28,360 - DEBUG - 🔗 Foreign keys for alembic_version: []
2025-12-11 13:47:28,364 - DEBUG - 🔗 Foreign keys for alphabeta: [{'name': 'FK__alphabeta__compo__3E1D39E1', 'constrained_columns': ['component_id'], 'referred_schema': None, 'referred_table': 'system_configuration', 'referred_columns': ['component_id'], 'options': {}}]
2025-12-11 13:47:28,364 - DEBUG - 🔗 Added relationship: alphabeta.component_id -> system_configuration.component_id
2025-12-11 13:47:28,368 - DEBUG - 🔗 Foreign keys for departments: [{'name': 'FK__departmen__ship___47DBAE45', 'constrained_columns': ['ship_id'], 'referred_schema': None, 'referred_table': 'ships', 'referred_columns': ['ship_id'], 'options': {}}]
2025-12-11 13:47:28,369 - DEBUG - 🔗 Added relationship: departments.ship_id -> ships.ship_id
2025-12-11 13:47:28,373 - DEBUG - 🔗 Foreign keys for etabeta: [{'name': 'FK__etabeta__compone__40F9A68C', 'constrained_columns': ['component_id'], 'referred_schema': None, 'referred_table': 'system_configuration', 'referred_columns': ['component_id'], 'options': {}}]
2025-12-11 13:47:28,373 - DEBUG - 🔗 Added relationship: etabeta.component_id -> system_configuration.component_id
2025-12-11 13:47:28,378 - DEBUG - 🔗 Foreign keys for etl_audit_log: [{'name': 'FK__etl_audit__compo__55009F39', 'constrained_columns': ['component_id'], 'referred_schema': None, 'referred_table': 'system_configuration', 'referred_columns': ['component_id'], 'options': {}}]
2025-12-11 13:47:28,378 - DEBUG - 🔗 Added relationship: etl_audit_log.component_id -> system_configuration.component_id
2025-12-11 13:47:28,382 - DEBUG - 🔗 Foreign keys for etl_schedule: [{'name': 'FK__etl_sched__compo__57DD0BE4', 'constrained_columns': ['component_id'], 'referred_schema': None, 'referred_table': 'system_configuration', 'referred_columns': ['component_id'], 'options': {}}]
2025-12-11 13:47:28,382 - DEBUG - 🔗 Added relationship: etl_schedule.component_id -> system_configuration.component_id
2025-12-11 13:47:28,386 - DEBUG - 🔗 Foreign keys for failure_modes: [{'name': 'FK__failure_m__compo__37703C52', 'constrained_columns': ['component_id'], 'referred_schema': None, 'referred_table': 'system_configuration', 'referred_columns': ['component_id'], 'options': {}}]
2025-12-11 13:47:28,386 - DEBUG - 🔗 Added relationship: failure_modes.component_id -> system_configuration.component_id
2025-12-11 13:47:28,391 - DEBUG - 🔗 Foreign keys for Mission_configurations: [{'name': 'fk_mission_ship', 'constrained_columns': ['ship_id'], 'referred_schema': None, 'referred_table': 'ships', 'referred_columns': ['ship_id'], 'options': {}}]
2025-12-11 13:47:28,391 - DEBUG - 🔗 Added relationship: Mission_configurations.ship_id -> ships.ship_id
2025-12-11 13:47:28,395 - DEBUG - 🔗 Foreign keys for monthly_utilization: [{'name': 'FK__monthly_u__compo__2EDAF651', 'constrained_columns': ['component_id'], 'referred_schema': None, 'referred_table': 'system_configuration', 'referred_columns': ['component_id'], 'options': {}}]
2025-12-11 13:47:28,395 - DEBUG - 🔗 Added relationship: monthly_utilization.component_id -> system_configuration.component_id
2025-12-11 13:47:28,399 - DEBUG - 🔗 Foreign keys for Overhaul_metadata: [{'name': 'FK__Overhaul___compo__214BF109', 'constrained_columns': ['component_id'], 'referred_schema': None, 'referred_table': 'system_configuration', 'referred_columns': ['component_id'], 'options': {}}]
2025-12-11 13:47:28,399 - DEBUG - 🔗 Added relationship: Overhaul_metadata.component_id -> system_configuration.component_id
2025-12-11 13:47:28,404 - DEBUG - 🔗 Foreign keys for Overhaul_Readings: [{'name': 'FK__Overhaul___compo__1E6F845E', 'constrained_columns': ['component_id'], 'referred_schema': None, 'referred_table': 'system_configuration', 'referred_columns': ['component_id'], 'options': {}}]
2025-12-11 13:47:28,404 - DEBUG - 🔗 Added relationship: Overhaul_Readings.component_id -> system_configuration.component_id
2025-12-11 13:47:28,408 - DEBUG - 🔗 Foreign keys for rcm: [{'name': 'FK__rcm__component_i__308E3499', 'constrained_columns': ['component_id'], 'referred_schema': None, 'referred_table': 'system_configuration', 'referred_columns': ['component_id'], 'options': {}}]
2025-12-11 13:47:28,408 - DEBUG - 🔗 Added relationship: rcm.component_id -> system_configuration.component_id
2025-12-11 13:47:28,413 - DEBUG - 🔗 Foreign keys for refresh_tokens: [{'name': 'FK__refresh_t__user___49C3F6B7', 'constrained_columns': ['user_id'], 'referred_schema': None, 'referred_table': 'users', 'referred_columns': ['id'], 'options': {}}]
2025-12-11 13:47:28,413 - DEBUG - 🔗 Added relationship: refresh_tokens.user_id -> users.id
2025-12-11 13:47:28,417 - DEBUG - 🔗 Foreign keys for sensor_metadata: [{'name': 'FK__sensor_me__compo__31B762FC', 'constrained_columns': ['component_id'], 'referred_schema': None, 'referred_table': 'system_configuration', 'referred_columns': ['component_id'], 'options': {}}, {'name': 'FK__sensor_me__failu__32AB8735', 'constrained_columns': ['failure_mode_id'], 'referred_schema': None, 'referred_table': 'failure_modes', 'referred_columns': ['failure_mode_id'], 'options': {}}]
2025-12-11 13:47:28,417 - DEBUG - 🔗 Added relationship: sensor_metadata.component_id -> system_configuration.component_id
2025-12-11 13:47:28,417 - DEBUG - 🔗 Added relationship: sensor_metadata.failure_mode_id -> failure_modes.failure_mode_id
2025-12-11 13:47:28,421 - DEBUG - 🔗 Foreign keys for sensor_readings: [{'name': 'FK__sensor_re__compo__3587F3E0', 'constrained_columns': ['component_id'], 'referred_schema': None, 'referred_table': 'system_configuration', 'referred_columns': ['component_id'], 'options': {}}, {'name': 'FK__sensor_re__senso__367C1819', 'constrained_columns': ['sensor_id'], 'referred_schema': None, 'referred_table': 'sensor_metadata', 'referred_columns': ['sensor_id'], 'options': {}}]
2025-12-11 13:47:28,422 - DEBUG - 🔗 Added relationship: sensor_readings.component_id -> system_configuration.component_id
2025-12-11 13:47:28,422 - DEBUG - 🔗 Added relationship: sensor_readings.sensor_id -> sensor_metadata.sensor_id
2025-12-11 13:47:28,426 - DEBUG - 🔗 Foreign keys for ships: []
2025-12-11 13:47:28,430 - DEBUG - 🔗 Foreign keys for system_configuration: [{'name': 'FK__system_co__depar__4BAC3F29', 'constrained_columns': ['department_id'], 'referred_schema': None, 'referred_table': 'departments', 'referred_columns': ['department_id'], 'options': {}}, {'name': 'FK__system_co__paren__4CA06362', 'constrained_columns': ['parent_id'], 'referred_schema': None, 'referred_table': 'system_configuration', 'referred_columns': ['component_id'], 'options': {}}, {'name': 'FK__system_co__ship___3864608B', 'constrained_columns': ['ship_id'], 'referred_schema': None, 'referred_table': 'ships', 'referred_columns': ['ship_id'], 'options': {}}, {'name': 'FK__system_co__syste__47A6A41B', 'constrained_columns': ['system_id'], 'referred_schema': None, 'referred_table': 'systems', 'referred_columns': ['system_id'], 'options': {}}]
2025-12-11 13:47:28,430 - DEBUG - 🔗 Added relationship: system_configuration.department_id -> departments.department_id
2025-12-11 13:47:28,431 - DEBUG - 🔗 Added relationship: system_configuration.parent_id -> system_configuration.component_id
2025-12-11 13:47:28,431 - DEBUG - 🔗 Added relationship: system_configuration.ship_id -> ships.ship_id
2025-12-11 13:47:28,431 - DEBUG - 🔗 Added relationship: system_configuration.system_id -> systems.system_id
2025-12-11 13:47:28,435 - DEBUG - 🔗 Foreign keys for systems: []
2025-12-11 13:47:28,440 - DEBUG - 🔗 Foreign keys for users: []
2025-12-11 13:47:28,440 - INFO - ✅ Schema loading complete. Found 19 tables and 20 relationships
2025-12-11 13:47:28,440 - DEBUG - 🔍 Relationship Details:
2025-12-11 13:47:28,440 - DEBUG -   ('alphabeta', 'system_configuration') -> ('alphabeta.component_id', 'system_configuration.component_id')
2025-12-11 13:47:28,440 - DEBUG -   ('departments', 'ships') -> ('departments.ship_id', 'ships.ship_id')
2025-12-11 13:47:28,440 - DEBUG -   ('etabeta', 'system_configuration') -> ('etabeta.component_id', 'system_configuration.component_id')
2025-12-11 13:47:28,440 - DEBUG -   ('etl_audit_log', 'system_configuration') -> ('etl_audit_log.component_id', 'system_configuration.component_id')
2025-12-11 13:47:28,440 - DEBUG -   ('etl_schedule', 'system_configuration') -> ('etl_schedule.component_id', 'system_configuration.component_id')
2025-12-11 13:47:28,440 - DEBUG -   ('failure_modes', 'system_configuration') -> ('failure_modes.component_id', 'system_configuration.component_id')
2025-12-11 13:47:28,440 - DEBUG -   ('Mission_configurations', 'ships') -> ('Mission_configurations.ship_id', 'ships.ship_id')
2025-12-11 13:47:28,440 - DEBUG -   ('monthly_utilization', 'system_configuration') -> ('monthly_utilization.component_id', 'system_configuration.component_id')
2025-12-11 13:47:28,440 - DEBUG -   ('Overhaul_metadata', 'system_configuration') -> ('Overhaul_metadata.component_id', 'system_configuration.component_id')
2025-12-11 13:47:28,440 - DEBUG -   ('Overhaul_Readings', 'system_configuration') -> ('Overhaul_Readings.component_id', 'system_configuration.component_id')
2025-12-11 13:47:28,441 - DEBUG -   ('rcm', 'system_configuration') -> ('rcm.component_id', 'system_configuration.component_id')
2025-12-11 13:47:28,441 - DEBUG -   ('refresh_tokens', 'users') -> ('refresh_tokens.user_id', 'users.id')
2025-12-11 13:47:28,441 - DEBUG -   ('sensor_metadata', 'system_configuration') -> ('sensor_metadata.component_id', 'system_configuration.component_id')
2025-12-11 13:47:28,441 - DEBUG -   ('sensor_metadata', 'failure_modes') -> ('sensor_metadata.failure_mode_id', 'failure_modes.failure_mode_id')
2025-12-11 13:47:28,441 - DEBUG -   ('sensor_readings', 'system_configuration') -> ('sensor_readings.component_id', 'system_configuration.component_id')
2025-12-11 13:47:28,441 - DEBUG -   ('sensor_readings', 'sensor_metadata') -> ('sensor_readings.sensor_id', 'sensor_metadata.sensor_id')
2025-12-11 13:47:28,441 - DEBUG -   ('system_configuration', 'departments') -> ('system_configuration.department_id', 'departments.department_id')
2025-12-11 13:47:28,441 - DEBUG -   ('system_configuration', 'system_configuration') -> ('system_configuration.parent_id', 'system_configuration.component_id')
2025-12-11 13:47:28,441 - DEBUG -   ('system_configuration', 'ships') -> ('system_configuration.ship_id', 'ships.ship_id')
2025-12-11 13:47:28,441 - DEBUG -   ('system_configuration', 'systems') -> ('system_configuration.system_id', 'systems.system_id')
2025-12-11 13:47:45,794 - INFO - Database engine created with pool_size=10
2025-12-11 13:47:45,916 - INFO - Retrieved 4 RCM records (ship_id: 33f13701-849f-4030-8d71-a0f65eac992e, component_id: None)
2025-12-11 14:08:00,326 - INFO - Retrieved 4 RCM records (ship_id: 33f13701-849f-4030-8d71-a0f65eac992e, component_id: None)
2025-12-11 14:12:52,182 - INFO - Retrieved 4 RCM records (ship_id: 33f13701-849f-4030-8d71-a0f65eac992e, component_id: None)
2025-12-11 14:12:52,268 - INFO - Retrieved 4 RCM records (ship_id: 33f13701-849f-4030-8d71-a0f65eac992e, component_id: None)
2025-12-11 14:24:22,863 - INFO - Retrieved 4 systems for ship ID: 33f13701-849f-4030-8d71-a0f65eac992e
2025-12-11 14:24:22,872 - INFO - Retrieved hierarchical component structure for system 64044bde-5b46-4ab3-b44d-2d140833284b: 5 total components, 4 root components
2025-12-11 14:24:22,879 - INFO - Default age (total utilization) for component 5358d044-9f4f-44cf-a975-341221f7189d: 8560.0
2025-12-11 14:24:22,884 - INFO - Default age (total utilization) for component ab055ca1-2aa1-4c55-a1b1-39ead450a131: 9820.0
2025-12-11 14:24:22,888 - INFO - Default age (total utilization) for component 8e7c0c15-f44e-42be-bbf4-e04a62fc242e: 26860.0
2025-12-11 14:24:22,892 - INFO - Default age (total utilization) for component da570729-9a1e-4fa1-8399-e21c93c46e8f: 7500.0
2025-12-11 14:24:22,893 - INFO - Retrieved hierarchical component structure for system 017bdf6b-d9f2-4f31-869d-842ad61a9627: 4 total components, 4 root components
2025-12-11 14:24:22,897 - INFO - Default age (total utilization) for component 443360a0-6218-486b-a34c-1813963177b7: 4500.0
2025-12-11 14:24:22,901 - INFO - Default age (total utilization) for component 5eefd3c9-cbe0-48db-a43d-89247f46ed8a: 3620.0
2025-12-11 14:24:22,905 - INFO - Default age (total utilization) for component 1872dfb4-58f9-48d4-a713-953cd7e1048a: 5600.0
2025-12-11 14:24:22,909 - INFO - Default age (total utilization) for component c652b6b3-9d13-4e4d-833e-dd71aecd102b: 4720.0
2025-12-11 14:24:22,910 - INFO - Retrieved hierarchical component structure for system 6b3a59eb-4cc2-4480-b512-9357aed35540: 6 total components, 6 root components
2025-12-11 14:24:22,914 - INFO - Default age (total utilization) for component 308804ec-bca2-45e9-b665-515de88ffa70: 26900.0
2025-12-11 14:24:22,918 - INFO - Default age (total utilization) for component 38093be3-acb7-40db-80ec-542dfc8d5d7d: 32500.0
2025-12-11 14:24:22,922 - INFO - Default age (total utilization) for component 6493cf2d-16e8-4d8f-b25c-a700e2c184b0: 30400.0
2025-12-11 14:24:22,925 - INFO - Default age (total utilization) for component 73c2a73c-0e92-4742-9775-af95e89e1841: 8620.0
2025-12-11 14:24:22,929 - INFO - Default age (total utilization) for component 73e87156-1ff9-494e-9f7f-f0fdad5f4a20: 7200.0
2025-12-11 14:24:22,933 - INFO - Default age (total utilization) for component d10aa05d-1f80-436d-b612-f52e28c44676: 7520.0
2025-12-11 14:24:22,935 - INFO - Retrieved hierarchical component structure for system a2b3e95b-c3b8-43ce-af79-eb445794f7ab: 2 total components, 2 root components
2025-12-11 14:24:22,939 - INFO - Default age (total utilization) for component 1c16dacf-69cd-4061-b004-113d85948c61: 1480.0
2025-12-11 14:24:22,943 - INFO - Default age (total utilization) for component db30946a-2baf-49e4-9ceb-ec72365089b4: 1140.0
2025-12-11 14:24:23,130 - INFO - Retrieved system hierarchy for ship 33f13701-849f-4030-8d71-a0f65eac992e: 4 systems, 17 components, 2 departments
2025-12-11 14:28:07,435 - INFO - Retrieved 4 RCM records (ship_id: 33f13701-849f-4030-8d71-a0f65eac992e, component_id: None)
2025-12-11 14:29:56,230 - DEBUG - Starting _get_hierarchical_ship_data_sync
2025-12-11 14:29:56,231 - DEBUG - Executing SQLModel query for hierarchical ship data
2025-12-11 14:29:56,238 - INFO - SQLModel query returned 58 rows
2025-12-11 14:29:56,238 - DEBUG - First row sample: (UUID('f1250bac-b929-4620-9541-93cf0e612e34'), 'EX - MAGAR', 'Western Naval Command', UUID('591ba5ad-43c6-478c-aa4c-05edb9e61f2e'), 'REF PLANT (5F-20) MAGAR', 'REFRIGERATION PLANT (STBD)', UUID('a2b3e95b-c3b8-43ce-af79-eb445794f7ab'), <SystemType.FIRING: 'firing'>)
2025-12-11 14:29:56,238 - DEBUG - Starting to process and group results
2025-12-11 14:29:56,238 - DEBUG - Initializing new ship: EX - MAGAR (ID: f1250bac-b929-4620-9541-93cf0e612e34, Command: Western Naval Command)
2025-12-11 14:29:56,238 - DEBUG - Creating new command group: Western Naval Command
2025-12-11 14:29:56,238 - DEBUG - Creating new equipment group 'Firing' for ship EX - MAGAR
2025-12-11 14:29:56,238 - DEBUG - Creating new equipment group 'Power Generation' for ship EX - MAGAR
2025-12-11 14:29:56,238 - DEBUG - Creating new equipment group 'Propulsion' for ship EX - MAGAR
2025-12-11 14:29:56,238 - DEBUG - Creating new equipment group 'Support' for ship EX - MAGAR
2025-12-11 14:29:56,238 - DEBUG - Initializing new ship: INS ONE (ID: 33f13701-849f-4030-8d71-a0f65eac992e, Command: Western Naval Command)
2025-12-11 14:29:56,238 - DEBUG - Creating new equipment group 'Firing' for ship INS ONE
2025-12-11 14:29:56,239 - DEBUG - Creating new equipment group 'Power Generation' for ship INS ONE
2025-12-11 14:29:56,239 - DEBUG - Creating new equipment group 'Propulsion' for ship INS ONE
2025-12-11 14:29:56,239 - DEBUG - Creating new equipment group 'Support' for ship INS ONE
2025-12-11 14:29:56,239 - DEBUG - Initializing new ship: INS THREE (ID: 53f13701-849f-4030-8d71-a0f65eac992e, Command: Western Naval Command)
2025-12-11 14:29:56,239 - DEBUG - Creating new equipment group 'Firing' for ship INS THREE
2025-12-11 14:29:56,239 - DEBUG - Creating new equipment group 'Power Generation' for ship INS THREE
2025-12-11 14:29:56,239 - DEBUG - Creating new equipment group 'Propulsion' for ship INS THREE
2025-12-11 14:29:56,239 - DEBUG - Creating new equipment group 'Support' for ship INS THREE
2025-12-11 14:29:56,239 - DEBUG - Initializing new ship: INS TWO (ID: fdc1f9a0-d380-42bb-9ee5-7990a46ddff5, Command: Western Naval Command)
2025-12-11 14:29:56,239 - DEBUG - Creating new equipment group 'Firing' for ship INS TWO
2025-12-11 14:29:56,239 - DEBUG - Creating new equipment group 'Power Generation' for ship INS TWO
2025-12-11 14:29:56,239 - DEBUG - Creating new equipment group 'Propulsion' for ship INS TWO
2025-12-11 14:29:56,239 - DEBUG - Creating new equipment group 'Support' for ship INS TWO
2025-12-11 14:29:56,239 - INFO - Processed 4 unique ships into 1 command groups
2025-12-11 14:29:56,239 - DEBUG - Converting to final data structure
2025-12-11 14:29:56,239 - DEBUG - Ship f1250bac-b929-4620-9541-93cf0e612e34: 4 equipment groups, 10 total items
2025-12-11 14:29:56,239 - DEBUG - Ship 33f13701-849f-4030-8d71-a0f65eac992e: 4 equipment groups, 16 total items
2025-12-11 14:29:56,239 - DEBUG - Ship 53f13701-849f-4030-8d71-a0f65eac992e: 4 equipment groups, 16 total items
2025-12-11 14:29:56,239 - DEBUG - Ship fdc1f9a0-d380-42bb-9ee5-7990a46ddff5: 4 equipment groups, 16 total items
2025-12-11 14:29:56,239 - INFO - Final data structure: 1 command groups, 4 total ships
2025-12-11 14:29:56,239 - DEBUG - Command groups: ['Western Naval Command']
2025-12-11 14:29:56,240 - INFO - Successfully retrieved hierarchical ship data
2025-12-11 14:30:59,951 - INFO - Retrieved 4 RCM records (ship_id: 33f13701-849f-4030-8d71-a0f65eac992e, component_id: None)
2025-12-11 14:31:00,553 - INFO - Retrieved 4 RCM records (ship_id: 33f13701-849f-4030-8d71-a0f65eac992e, component_id: None)
2025-12-11 14:46:23,493 - DEBUG - Starting _get_hierarchical_ship_data_sync
2025-12-11 14:46:23,493 - DEBUG - Executing SQLModel query for hierarchical ship data
2025-12-11 14:46:23,503 - INFO - SQLModel query returned 58 rows
2025-12-11 14:46:23,503 - DEBUG - First row sample: (UUID('f1250bac-b929-4620-9541-93cf0e612e34'), 'EX - MAGAR', 'Western Naval Command', UUID('591ba5ad-43c6-478c-aa4c-05edb9e61f2e'), 'REF PLANT (5F-20) MAGAR', 'REFRIGERATION PLANT (STBD)', UUID('a2b3e95b-c3b8-43ce-af79-eb445794f7ab'), <SystemType.FIRING: 'firing'>)
2025-12-11 14:46:23,503 - DEBUG - Starting to process and group results
2025-12-11 14:46:23,503 - DEBUG - Initializing new ship: EX - MAGAR (ID: f1250bac-b929-4620-9541-93cf0e612e34, Command: Western Naval Command)
2025-12-11 14:46:23,503 - DEBUG - Creating new command group: Western Naval Command
2025-12-11 14:46:23,503 - DEBUG - Creating new equipment group 'Firing' for ship EX - MAGAR
2025-12-11 14:46:23,503 - DEBUG - Creating new equipment group 'Power Generation' for ship EX - MAGAR
2025-12-11 14:46:23,503 - DEBUG - Creating new equipment group 'Propulsion' for ship EX - MAGAR
2025-12-11 14:46:23,503 - DEBUG - Creating new equipment group 'Support' for ship EX - MAGAR
2025-12-11 14:46:23,504 - DEBUG - Initializing new ship: INS ONE (ID: 33f13701-849f-4030-8d71-a0f65eac992e, Command: Western Naval Command)
2025-12-11 14:46:23,504 - DEBUG - Creating new equipment group 'Firing' for ship INS ONE
2025-12-11 14:46:23,504 - DEBUG - Creating new equipment group 'Power Generation' for ship INS ONE
2025-12-11 14:46:23,504 - DEBUG - Creating new equipment group 'Propulsion' for ship INS ONE
2025-12-11 14:46:23,504 - DEBUG - Creating new equipment group 'Support' for ship INS ONE
2025-12-11 14:46:23,504 - DEBUG - Initializing new ship: INS THREE (ID: 53f13701-849f-4030-8d71-a0f65eac992e, Command: Western Naval Command)
2025-12-11 14:46:23,504 - DEBUG - Creating new equipment group 'Firing' for ship INS THREE
2025-12-11 14:46:23,504 - DEBUG - Creating new equipment group 'Power Generation' for ship INS THREE
2025-12-11 14:46:23,504 - DEBUG - Creating new equipment group 'Propulsion' for ship INS THREE
2025-12-11 14:46:23,504 - DEBUG - Creating new equipment group 'Support' for ship INS THREE
2025-12-11 14:46:23,504 - DEBUG - Initializing new ship: INS TWO (ID: fdc1f9a0-d380-42bb-9ee5-7990a46ddff5, Command: Western Naval Command)
2025-12-11 14:46:23,504 - DEBUG - Creating new equipment group 'Firing' for ship INS TWO
2025-12-11 14:46:23,504 - DEBUG - Creating new equipment group 'Power Generation' for ship INS TWO
2025-12-11 14:46:23,505 - DEBUG - Creating new equipment group 'Propulsion' for ship INS TWO
2025-12-11 14:46:23,505 - DEBUG - Creating new equipment group 'Support' for ship INS TWO
2025-12-11 14:46:23,505 - INFO - Processed 4 unique ships into 1 command groups
2025-12-11 14:46:23,505 - DEBUG - Converting to final data structure
2025-12-11 14:46:23,505 - DEBUG - Ship f1250bac-b929-4620-9541-93cf0e612e34: 4 equipment groups, 10 total items
2025-12-11 14:46:23,505 - DEBUG - Ship 33f13701-849f-4030-8d71-a0f65eac992e: 4 equipment groups, 16 total items
2025-12-11 14:46:23,505 - DEBUG - Ship 53f13701-849f-4030-8d71-a0f65eac992e: 4 equipment groups, 16 total items
2025-12-11 14:46:23,505 - DEBUG - Ship fdc1f9a0-d380-42bb-9ee5-7990a46ddff5: 4 equipment groups, 16 total items
2025-12-11 14:46:23,505 - INFO - Final data structure: 1 command groups, 4 total ships
2025-12-11 14:46:23,505 - DEBUG - Command groups: ['Western Naval Command']
2025-12-11 14:46:23,506 - INFO - Successfully retrieved hierarchical ship data
2025-12-11 14:46:27,682 - INFO - Retrieved 4 systems for ship ID: 33f13701-849f-4030-8d71-a0f65eac992e
2025-12-11 14:46:27,690 - INFO - Retrieved hierarchical component structure for system 64044bde-5b46-4ab3-b44d-2d140833284b: 5 total components, 4 root components
2025-12-11 14:46:27,694 - INFO - Default age (total utilization) for component 5358d044-9f4f-44cf-a975-341221f7189d: 8560.0
2025-12-11 14:46:27,698 - INFO - Default age (total utilization) for component ab055ca1-2aa1-4c55-a1b1-39ead450a131: 9820.0
2025-12-11 14:46:27,701 - INFO - Default age (total utilization) for component 8e7c0c15-f44e-42be-bbf4-e04a62fc242e: 26860.0
2025-12-11 14:46:27,705 - INFO - Default age (total utilization) for component da570729-9a1e-4fa1-8399-e21c93c46e8f: 7500.0
2025-12-11 14:46:27,706 - INFO - Retrieved hierarchical component structure for system 017bdf6b-d9f2-4f31-869d-842ad61a9627: 4 total components, 4 root components
2025-12-11 14:46:27,710 - INFO - Default age (total utilization) for component 443360a0-6218-486b-a34c-1813963177b7: 4500.0
2025-12-11 14:46:27,714 - INFO - Default age (total utilization) for component 5eefd3c9-cbe0-48db-a43d-89247f46ed8a: 3620.0
2025-12-11 14:46:27,718 - INFO - Default age (total utilization) for component 1872dfb4-58f9-48d4-a713-953cd7e1048a: 5600.0
2025-12-11 14:46:27,722 - INFO - Default age (total utilization) for component c652b6b3-9d13-4e4d-833e-dd71aecd102b: 4720.0
2025-12-11 14:46:27,724 - INFO - Retrieved hierarchical component structure for system 6b3a59eb-4cc2-4480-b512-9357aed35540: 6 total components, 6 root components
2025-12-11 14:46:27,728 - INFO - Default age (total utilization) for component 308804ec-bca2-45e9-b665-515de88ffa70: 26900.0
2025-12-11 14:46:27,731 - INFO - Default age (total utilization) for component 38093be3-acb7-40db-80ec-542dfc8d5d7d: 32500.0
2025-12-11 14:46:27,734 - INFO - Default age (total utilization) for component 6493cf2d-16e8-4d8f-b25c-a700e2c184b0: 30400.0
2025-12-11 14:46:27,738 - INFO - Default age (total utilization) for component 73c2a73c-0e92-4742-9775-af95e89e1841: 8620.0
2025-12-11 14:46:27,741 - INFO - Default age (total utilization) for component 73e87156-1ff9-494e-9f7f-f0fdad5f4a20: 7200.0
2025-12-11 14:46:27,745 - INFO - Default age (total utilization) for component d10aa05d-1f80-436d-b612-f52e28c44676: 7520.0
2025-12-11 14:46:27,746 - INFO - Retrieved hierarchical component structure for system a2b3e95b-c3b8-43ce-af79-eb445794f7ab: 2 total components, 2 root components
2025-12-11 14:46:27,749 - INFO - Default age (total utilization) for component 1c16dacf-69cd-4061-b004-113d85948c61: 1480.0
2025-12-11 14:46:27,753 - INFO - Default age (total utilization) for component db30946a-2baf-49e4-9ceb-ec72365089b4: 1140.0
2025-12-11 14:46:28,270 - INFO - Retrieved system hierarchy for ship 33f13701-849f-4030-8d71-a0f65eac992e: 4 systems, 17 components, 2 departments
2025-12-13 13:53:29,257 - INFO - Loading configuration from: /home/user/IITB/netra/backend/utils/config.yaml
2025-12-13 13:53:29,282 - INFO - Initializing LLMClient with Ollama model: codellama:7b-instruct
2025-12-13 13:53:29,282 - INFO - Loading configuration from: /home/user/IITB/netra/backend/utils/config.yaml
2025-12-13 13:53:29,297 - INFO - Loading configuration from: /home/user/IITB/netra/backend/utils/config.yaml
2025-12-13 13:53:29,312 - INFO - Initializing LLMClient with Ollama model: codellama:7b-instruct
2025-12-13 13:53:29,321 - INFO - ✅ Database engine created with URL: mssql+pyodbc://sa:Camlab110@localhost:1433/NetraKoshx?driver=ODBC+Driver+18+for+SQL+Server&TrustServerCertificate=yes&timeout=300
2025-12-13 13:53:29,493 - INFO - 🔍 Found tables: ['alembic_version', 'alphabeta', 'departments', 'etabeta', 'etl_audit_log', 'etl_schedule', 'failure_modes', 'Mission_configurations', 'monthly_utilization', 'Overhaul_metadata', 'Overhaul_Readings', 'rcm', 'refresh_tokens', 'sensor_metadata', 'sensor_readings', 'ships', 'system_configuration', 'systems', 'users']
2025-12-13 13:53:29,511 - DEBUG - 📊 Table alembic_version columns: ['version_num']
2025-12-13 13:53:29,515 - DEBUG - 📊 Table alphabeta columns: ['id', 'alpha', 'beta', 'component_id']
2025-12-13 13:53:29,518 - DEBUG - 📊 Table departments columns: ['ship_id', 'department_name', 'department_code', 'department_id', 'created_date', 'modified_date']
2025-12-13 13:53:29,521 - DEBUG - 📊 Table etabeta columns: ['id', 'eta', 'beta', 'component_id', 'priority']
2025-12-13 13:53:29,525 - DEBUG - 📊 Table etl_audit_log columns: ['log_id', 'run_id', 'component_id', 'ship_name', 'nomenclature', 'start_time', 'end_time', 'duration_ms', 'rows_processed', 'rows_inserted', 'rows_updated', 'status', 'error_details', 'retry_attempt', 'created_at']
2025-12-13 13:53:29,529 - DEBUG - 📊 Table etl_schedule columns: ['component_id', 'frequency_minutes', 'last_run_time', 'next_run_time', 'status', 'retry_count', 'max_retries', 'error_message', 'created_at', 'updated_at']
2025-12-13 13:53:29,531 - DEBUG - 📊 Table failure_modes columns: ['name', 'severity', 'component_id', 'failure_mode_id']
2025-12-13 13:53:29,535 - DEBUG - 📊 Table Mission_configurations columns: ['config_name', 'id', 'created_date', 'modified_date', 'configuration', 'ship_id', 'ship_name']
2025-12-13 13:53:29,537 - DEBUG - 📊 Table monthly_utilization columns: ['id', 'operation_date', 'utlization', 'component_id']
2025-12-13 13:53:29,540 - DEBUG - 📊 Table Overhaul_metadata columns: ['id', 'component_id', 'overhaul_frequency_hours', 'total_overhaul_events', 'last_overhaul_date']
2025-12-13 13:53:29,544 - DEBUG - 📊 Table Overhaul_Readings columns: ['id', 'component_id', 'maintenance_type', 'defect_date', 'cmms_running_age', 'running_age']
2025-12-13 13:53:29,547 - DEBUG - 📊 Table rcm columns: ['rcm_id', 'component_id', 'decision_path', 'maintenance_policy', 'created_date', 'modified_date']
2025-12-13 13:53:29,549 - DEBUG - 📊 Table refresh_tokens columns: ['id', 'token', 'user_id', 'expires_at', 'created_at', 'is_revoked']
2025-12-13 13:53:29,552 - DEBUG - 📊 Table sensor_metadata columns: ['sensor_name', 'unit', 'min_value', 'max_value', 'frequency', 'P', 'F', 'component_id', 'sensor_id', 'failure_mode_id']
2025-12-13 13:53:29,555 - DEBUG - 📊 Table sensor_readings columns: ['value', 'operating_hours', 'alert', 'id', 'date', 'component_id', 'sensor_id']
2025-12-13 13:53:29,559 - DEBUG - 📊 Table ships columns: ['ship_name', 'ship_category', 'ship_class', 'command', 'ship_id', 'created_date', 'modified_date']
2025-12-13 13:53:29,562 - DEBUG - 📊 Table system_configuration columns: ['component_name', 'parent_id', 'department_id', 'CMMS_EquipmentCode', 'is_lmu', 'parent_name', 'nomenclature', 'etl', 'component_id', 'created_date', 'modified_date', 'ship_id', 'system_id', 'RepairType']
2025-12-13 13:53:29,841 - DEBUG - 📊 Table systems columns: ['system_id', 'system_type', 'created_date']
2025-12-13 13:53:29,845 - DEBUG - 📊 Table users columns: ['email', 'username', 'full_name', 'role', 'is_active', 'id', 'hashed_password', 'created_at', 'updated_at', 'last_login']
2025-12-13 13:53:29,852 - DEBUG - 🔗 Foreign keys for alembic_version: []
2025-12-13 13:53:29,857 - DEBUG - 🔗 Foreign keys for alphabeta: [{'name': 'FK__alphabeta__compo__3E1D39E1', 'constrained_columns': ['component_id'], 'referred_schema': None, 'referred_table': 'system_configuration', 'referred_columns': ['component_id'], 'options': {}}]
2025-12-13 13:53:29,857 - DEBUG - 🔗 Added relationship: alphabeta.component_id -> system_configuration.component_id
2025-12-13 13:53:29,861 - DEBUG - 🔗 Foreign keys for departments: [{'name': 'FK__departmen__ship___47DBAE45', 'constrained_columns': ['ship_id'], 'referred_schema': None, 'referred_table': 'ships', 'referred_columns': ['ship_id'], 'options': {}}]
2025-12-13 13:53:29,862 - DEBUG - 🔗 Added relationship: departments.ship_id -> ships.ship_id
2025-12-13 13:53:29,867 - DEBUG - 🔗 Foreign keys for etabeta: [{'name': 'FK__etabeta__compone__40F9A68C', 'constrained_columns': ['component_id'], 'referred_schema': None, 'referred_table': 'system_configuration', 'referred_columns': ['component_id'], 'options': {}}]
2025-12-13 13:53:29,867 - DEBUG - 🔗 Added relationship: etabeta.component_id -> system_configuration.component_id
2025-12-13 13:53:30,020 - DEBUG - 🔗 Foreign keys for etl_audit_log: [{'name': 'FK__etl_audit__compo__55009F39', 'constrained_columns': ['component_id'], 'referred_schema': None, 'referred_table': 'system_configuration', 'referred_columns': ['component_id'], 'options': {}}]
2025-12-13 13:53:30,020 - DEBUG - 🔗 Added relationship: etl_audit_log.component_id -> system_configuration.component_id
2025-12-13 13:53:30,025 - DEBUG - 🔗 Foreign keys for etl_schedule: [{'name': 'FK__etl_sched__compo__57DD0BE4', 'constrained_columns': ['component_id'], 'referred_schema': None, 'referred_table': 'system_configuration', 'referred_columns': ['component_id'], 'options': {}}]
2025-12-13 13:53:30,026 - DEBUG - 🔗 Added relationship: etl_schedule.component_id -> system_configuration.component_id
2025-12-13 13:53:30,030 - DEBUG - 🔗 Foreign keys for failure_modes: [{'name': 'FK__failure_m__compo__37703C52', 'constrained_columns': ['component_id'], 'referred_schema': None, 'referred_table': 'system_configuration', 'referred_columns': ['component_id'], 'options': {}}]
2025-12-13 13:53:30,030 - DEBUG - 🔗 Added relationship: failure_modes.component_id -> system_configuration.component_id
2025-12-13 13:53:30,035 - DEBUG - 🔗 Foreign keys for Mission_configurations: [{'name': 'fk_mission_ship', 'constrained_columns': ['ship_id'], 'referred_schema': None, 'referred_table': 'ships', 'referred_columns': ['ship_id'], 'options': {}}]
2025-12-13 13:53:30,035 - DEBUG - 🔗 Added relationship: Mission_configurations.ship_id -> ships.ship_id
2025-12-13 13:53:30,039 - DEBUG - 🔗 Foreign keys for monthly_utilization: [{'name': 'FK__monthly_u__compo__2EDAF651', 'constrained_columns': ['component_id'], 'referred_schema': None, 'referred_table': 'system_configuration', 'referred_columns': ['component_id'], 'options': {}}]
2025-12-13 13:53:30,040 - DEBUG - 🔗 Added relationship: monthly_utilization.component_id -> system_configuration.component_id
2025-12-13 13:53:30,044 - DEBUG - 🔗 Foreign keys for Overhaul_metadata: [{'name': 'FK__Overhaul___compo__214BF109', 'constrained_columns': ['component_id'], 'referred_schema': None, 'referred_table': 'system_configuration', 'referred_columns': ['component_id'], 'options': {}}]
2025-12-13 13:53:30,044 - DEBUG - 🔗 Added relationship: Overhaul_metadata.component_id -> system_configuration.component_id
2025-12-13 13:53:30,049 - DEBUG - 🔗 Foreign keys for Overhaul_Readings: [{'name': 'FK__Overhaul___compo__1E6F845E', 'constrained_columns': ['component_id'], 'referred_schema': None, 'referred_table': 'system_configuration', 'referred_columns': ['component_id'], 'options': {}}]
2025-12-13 13:53:30,049 - DEBUG - 🔗 Added relationship: Overhaul_Readings.component_id -> system_configuration.component_id
2025-12-13 13:53:30,054 - DEBUG - 🔗 Foreign keys for rcm: [{'name': 'FK__rcm__component_i__308E3499', 'constrained_columns': ['component_id'], 'referred_schema': None, 'referred_table': 'system_configuration', 'referred_columns': ['component_id'], 'options': {}}]
2025-12-13 13:53:30,054 - DEBUG - 🔗 Added relationship: rcm.component_id -> system_configuration.component_id
2025-12-13 13:53:30,058 - DEBUG - 🔗 Foreign keys for refresh_tokens: [{'name': 'FK__refresh_t__user___49C3F6B7', 'constrained_columns': ['user_id'], 'referred_schema': None, 'referred_table': 'users', 'referred_columns': ['id'], 'options': {}}]
2025-12-13 13:53:30,058 - DEBUG - 🔗 Added relationship: refresh_tokens.user_id -> users.id
2025-12-13 13:53:30,063 - DEBUG - 🔗 Foreign keys for sensor_metadata: [{'name': 'FK__sensor_me__compo__31B762FC', 'constrained_columns': ['component_id'], 'referred_schema': None, 'referred_table': 'system_configuration', 'referred_columns': ['component_id'], 'options': {}}, {'name': 'FK__sensor_me__failu__32AB8735', 'constrained_columns': ['failure_mode_id'], 'referred_schema': None, 'referred_table': 'failure_modes', 'referred_columns': ['failure_mode_id'], 'options': {}}]
2025-12-13 13:53:30,063 - DEBUG - 🔗 Added relationship: sensor_metadata.component_id -> system_configuration.component_id
2025-12-13 13:53:30,063 - DEBUG - 🔗 Added relationship: sensor_metadata.failure_mode_id -> failure_modes.failure_mode_id
2025-12-13 13:53:30,068 - DEBUG - 🔗 Foreign keys for sensor_readings: [{'name': 'FK__sensor_re__compo__3587F3E0', 'constrained_columns': ['component_id'], 'referred_schema': None, 'referred_table': 'system_configuration', 'referred_columns': ['component_id'], 'options': {}}, {'name': 'FK__sensor_re__senso__367C1819', 'constrained_columns': ['sensor_id'], 'referred_schema': None, 'referred_table': 'sensor_metadata', 'referred_columns': ['sensor_id'], 'options': {}}]
2025-12-13 13:53:30,068 - DEBUG - 🔗 Added relationship: sensor_readings.component_id -> system_configuration.component_id
2025-12-13 13:53:30,068 - DEBUG - 🔗 Added relationship: sensor_readings.sensor_id -> sensor_metadata.sensor_id
2025-12-13 13:53:30,072 - DEBUG - 🔗 Foreign keys for ships: []
2025-12-13 13:53:30,076 - DEBUG - 🔗 Foreign keys for system_configuration: [{'name': 'FK__system_co__depar__4BAC3F29', 'constrained_columns': ['department_id'], 'referred_schema': None, 'referred_table': 'departments', 'referred_columns': ['department_id'], 'options': {}}, {'name': 'FK__system_co__paren__4CA06362', 'constrained_columns': ['parent_id'], 'referred_schema': None, 'referred_table': 'system_configuration', 'referred_columns': ['component_id'], 'options': {}}, {'name': 'FK__system_co__ship___3864608B', 'constrained_columns': ['ship_id'], 'referred_schema': None, 'referred_table': 'ships', 'referred_columns': ['ship_id'], 'options': {}}, {'name': 'FK__system_co__syste__47A6A41B', 'constrained_columns': ['system_id'], 'referred_schema': None, 'referred_table': 'systems', 'referred_columns': ['system_id'], 'options': {}}]
2025-12-13 13:53:30,077 - DEBUG - 🔗 Added relationship: system_configuration.department_id -> departments.department_id
2025-12-13 13:53:30,077 - DEBUG - 🔗 Added relationship: system_configuration.parent_id -> system_configuration.component_id
2025-12-13 13:53:30,077 - DEBUG - 🔗 Added relationship: system_configuration.ship_id -> ships.ship_id
2025-12-13 13:53:30,077 - DEBUG - 🔗 Added relationship: system_configuration.system_id -> systems.system_id
2025-12-13 13:53:30,081 - DEBUG - 🔗 Foreign keys for systems: []
2025-12-13 13:53:30,087 - DEBUG - 🔗 Foreign keys for users: []
2025-12-13 13:53:30,087 - INFO - ✅ Schema loading complete. Found 19 tables and 20 relationships
2025-12-13 13:53:30,087 - DEBUG - 🔍 Relationship Details:
2025-12-13 13:53:30,087 - DEBUG -   ('alphabeta', 'system_configuration') -> ('alphabeta.component_id', 'system_configuration.component_id')
2025-12-13 13:53:30,087 - DEBUG -   ('departments', 'ships') -> ('departments.ship_id', 'ships.ship_id')
2025-12-13 13:53:30,087 - DEBUG -   ('etabeta', 'system_configuration') -> ('etabeta.component_id', 'system_configuration.component_id')
2025-12-13 13:53:30,087 - DEBUG -   ('etl_audit_log', 'system_configuration') -> ('etl_audit_log.component_id', 'system_configuration.component_id')
2025-12-13 13:53:30,087 - DEBUG -   ('etl_schedule', 'system_configuration') -> ('etl_schedule.component_id', 'system_configuration.component_id')
2025-12-13 13:53:30,087 - DEBUG -   ('failure_modes', 'system_configuration') -> ('failure_modes.component_id', 'system_configuration.component_id')
2025-12-13 13:53:30,087 - DEBUG -   ('Mission_configurations', 'ships') -> ('Mission_configurations.ship_id', 'ships.ship_id')
2025-12-13 13:53:30,087 - DEBUG -   ('monthly_utilization', 'system_configuration') -> ('monthly_utilization.component_id', 'system_configuration.component_id')
2025-12-13 13:53:30,087 - DEBUG -   ('Overhaul_metadata', 'system_configuration') -> ('Overhaul_metadata.component_id', 'system_configuration.component_id')
2025-12-13 13:53:30,088 - DEBUG -   ('Overhaul_Readings', 'system_configuration') -> ('Overhaul_Readings.component_id', 'system_configuration.component_id')
2025-12-13 13:53:30,088 - DEBUG -   ('rcm', 'system_configuration') -> ('rcm.component_id', 'system_configuration.component_id')
2025-12-13 13:53:30,088 - DEBUG -   ('refresh_tokens', 'users') -> ('refresh_tokens.user_id', 'users.id')
2025-12-13 13:53:30,088 - DEBUG -   ('sensor_metadata', 'system_configuration') -> ('sensor_metadata.component_id', 'system_configuration.component_id')
2025-12-13 13:53:30,088 - DEBUG -   ('sensor_metadata', 'failure_modes') -> ('sensor_metadata.failure_mode_id', 'failure_modes.failure_mode_id')
2025-12-13 13:53:30,088 - DEBUG -   ('sensor_readings', 'system_configuration') -> ('sensor_readings.component_id', 'system_configuration.component_id')
2025-12-13 13:53:30,088 - DEBUG -   ('sensor_readings', 'sensor_metadata') -> ('sensor_readings.sensor_id', 'sensor_metadata.sensor_id')
2025-12-13 13:53:30,088 - DEBUG -   ('system_configuration', 'departments') -> ('system_configuration.department_id', 'departments.department_id')
2025-12-13 13:53:30,088 - DEBUG -   ('system_configuration', 'system_configuration') -> ('system_configuration.parent_id', 'system_configuration.component_id')
2025-12-13 13:53:30,088 - DEBUG -   ('system_configuration', 'ships') -> ('system_configuration.ship_id', 'ships.ship_id')
2025-12-13 13:53:30,088 - DEBUG -   ('system_configuration', 'systems') -> ('system_configuration.system_id', 'systems.system_id')
2025-12-13 13:53:30,088 - INFO - 📌 Loaded conversation memory from disk.
2025-12-13 13:53:30,088 - INFO - 📌 Initialized memory: Last 5 exchanges
2025-12-13 13:53:30,267 - DEBUG - loaded lazy attr 'SafeConfigParser': <class 'configparser.ConfigParser'>
2025-12-13 13:53:30,267 - DEBUG - loaded lazy attr 'NativeStringIO': <class '_io.StringIO'>
2025-12-13 13:53:30,267 - DEBUG - loaded lazy attr 'BytesIO': <class '_io.BytesIO'>
2025-12-13 13:53:30,269 - DEBUG - registered 'bcrypt' handler: <class 'passlib.handlers.bcrypt.bcrypt'>
2025-12-13 13:53:30,882 - INFO - MissionReliabilityCalculator initialized
2025-12-13 13:53:31,283 - INFO - Loading configuration from: /home/user/IITB/netra/backend/utils/config.yaml
2025-12-13 13:53:31,298 - INFO - Initializing LLMClient with Ollama model: codellama:7b-instruct
2025-12-13 13:53:31,299 - INFO - ✅ Database engine created with URL: mssql+pyodbc://sa:Camlab110@localhost:1433/NetraKoshx?driver=ODBC+Driver+18+for+SQL+Server&TrustServerCertificate=yes&timeout=300
2025-12-13 13:53:31,311 - INFO - 🔍 Found tables: ['alembic_version', 'alphabeta', 'departments', 'etabeta', 'etl_audit_log', 'etl_schedule', 'failure_modes', 'Mission_configurations', 'monthly_utilization', 'Overhaul_metadata', 'Overhaul_Readings', 'rcm', 'refresh_tokens', 'sensor_metadata', 'sensor_readings', 'ships', 'system_configuration', 'systems', 'users']
2025-12-13 13:53:31,315 - DEBUG - 📊 Table alembic_version columns: ['version_num']
2025-12-13 13:53:31,318 - DEBUG - 📊 Table alphabeta columns: ['id', 'alpha', 'beta', 'component_id']
2025-12-13 13:53:31,321 - DEBUG - 📊 Table departments columns: ['ship_id', 'department_name', 'department_code', 'department_id', 'created_date', 'modified_date']
2025-12-13 13:53:31,323 - DEBUG - 📊 Table etabeta columns: ['id', 'eta', 'beta', 'component_id', 'priority']
2025-12-13 13:53:31,327 - DEBUG - 📊 Table etl_audit_log columns: ['log_id', 'run_id', 'component_id', 'ship_name', 'nomenclature', 'start_time', 'end_time', 'duration_ms', 'rows_processed', 'rows_inserted', 'rows_updated', 'status', 'error_details', 'retry_attempt', 'created_at']
2025-12-13 13:53:31,330 - DEBUG - 📊 Table etl_schedule columns: ['component_id', 'frequency_minutes', 'last_run_time', 'next_run_time', 'status', 'retry_count', 'max_retries', 'error_message', 'created_at', 'updated_at']
2025-12-13 13:53:31,332 - DEBUG - 📊 Table failure_modes columns: ['name', 'severity', 'component_id', 'failure_mode_id']
2025-12-13 13:53:31,335 - DEBUG - 📊 Table Mission_configurations columns: ['config_name', 'id', 'created_date', 'modified_date', 'configuration', 'ship_id', 'ship_name']
2025-12-13 13:53:31,337 - DEBUG - 📊 Table monthly_utilization columns: ['id', 'operation_date', 'utlization', 'component_id']
2025-12-13 13:53:31,340 - DEBUG - 📊 Table Overhaul_metadata columns: ['id', 'component_id', 'overhaul_frequency_hours', 'total_overhaul_events', 'last_overhaul_date']
2025-12-13 13:53:31,342 - DEBUG - 📊 Table Overhaul_Readings columns: ['id', 'component_id', 'maintenance_type', 'defect_date', 'cmms_running_age', 'running_age']
2025-12-13 13:53:31,345 - DEBUG - 📊 Table rcm columns: ['rcm_id', 'component_id', 'decision_path', 'maintenance_policy', 'created_date', 'modified_date']
2025-12-13 13:53:31,348 - DEBUG - 📊 Table refresh_tokens columns: ['id', 'token', 'user_id', 'expires_at', 'created_at', 'is_revoked']
2025-12-13 13:53:31,350 - DEBUG - 📊 Table sensor_metadata columns: ['sensor_name', 'unit', 'min_value', 'max_value', 'frequency', 'P', 'F', 'component_id', 'sensor_id', 'failure_mode_id']
2025-12-13 13:53:31,353 - DEBUG - 📊 Table sensor_readings columns: ['value', 'operating_hours', 'alert', 'id', 'date', 'component_id', 'sensor_id']
2025-12-13 13:53:31,356 - DEBUG - 📊 Table ships columns: ['ship_name', 'ship_category', 'ship_class', 'command', 'ship_id', 'created_date', 'modified_date']
2025-12-13 13:53:31,359 - DEBUG - 📊 Table system_configuration columns: ['component_name', 'parent_id', 'department_id', 'CMMS_EquipmentCode', 'is_lmu', 'parent_name', 'nomenclature', 'etl', 'component_id', 'created_date', 'modified_date', 'ship_id', 'system_id', 'RepairType']
2025-12-13 13:53:31,361 - DEBUG - 📊 Table systems columns: ['system_id', 'system_type', 'created_date']
2025-12-13 13:53:31,364 - DEBUG - 📊 Table users columns: ['email', 'username', 'full_name', 'role', 'is_active', 'id', 'hashed_password', 'created_at', 'updated_at', 'last_login']
2025-12-13 13:53:31,369 - DEBUG - 🔗 Foreign keys for alembic_version: []
2025-12-13 13:53:31,374 - DEBUG - 🔗 Foreign keys for alphabeta: [{'name': 'FK__alphabeta__compo__3E1D39E1', 'constrained_columns': ['component_id'], 'referred_schema': None, 'referred_table': 'system_configuration', 'referred_columns': ['component_id'], 'options': {}}]
2025-12-13 13:53:31,374 - DEBUG - 🔗 Added relationship: alphabeta.component_id -> system_configuration.component_id
2025-12-13 13:53:31,378 - DEBUG - 🔗 Foreign keys for departments: [{'name': 'FK__departmen__ship___47DBAE45', 'constrained_columns': ['ship_id'], 'referred_schema': None, 'referred_table': 'ships', 'referred_columns': ['ship_id'], 'options': {}}]
2025-12-13 13:53:31,378 - DEBUG - 🔗 Added relationship: departments.ship_id -> ships.ship_id
2025-12-13 13:53:31,382 - DEBUG - 🔗 Foreign keys for etabeta: [{'name': 'FK__etabeta__compone__40F9A68C', 'constrained_columns': ['component_id'], 'referred_schema': None, 'referred_table': 'system_configuration', 'referred_columns': ['component_id'], 'options': {}}]
2025-12-13 13:53:31,382 - DEBUG - 🔗 Added relationship: etabeta.component_id -> system_configuration.component_id
2025-12-13 13:53:31,386 - DEBUG - 🔗 Foreign keys for etl_audit_log: [{'name': 'FK__etl_audit__compo__55009F39', 'constrained_columns': ['component_id'], 'referred_schema': None, 'referred_table': 'system_configuration', 'referred_columns': ['component_id'], 'options': {}}]
2025-12-13 13:53:31,386 - DEBUG - 🔗 Added relationship: etl_audit_log.component_id -> system_configuration.component_id
2025-12-13 13:53:31,391 - DEBUG - 🔗 Foreign keys for etl_schedule: [{'name': 'FK__etl_sched__compo__57DD0BE4', 'constrained_columns': ['component_id'], 'referred_schema': None, 'referred_table': 'system_configuration', 'referred_columns': ['component_id'], 'options': {}}]
2025-12-13 13:53:31,391 - DEBUG - 🔗 Added relationship: etl_schedule.component_id -> system_configuration.component_id
2025-12-13 13:53:31,395 - DEBUG - 🔗 Foreign keys for failure_modes: [{'name': 'FK__failure_m__compo__37703C52', 'constrained_columns': ['component_id'], 'referred_schema': None, 'referred_table': 'system_configuration', 'referred_columns': ['component_id'], 'options': {}}]
2025-12-13 13:53:31,395 - DEBUG - 🔗 Added relationship: failure_modes.component_id -> system_configuration.component_id
2025-12-13 13:53:31,399 - DEBUG - 🔗 Foreign keys for Mission_configurations: [{'name': 'fk_mission_ship', 'constrained_columns': ['ship_id'], 'referred_schema': None, 'referred_table': 'ships', 'referred_columns': ['ship_id'], 'options': {}}]
2025-12-13 13:53:31,399 - DEBUG - 🔗 Added relationship: Mission_configurations.ship_id -> ships.ship_id
2025-12-13 13:53:31,403 - DEBUG - 🔗 Foreign keys for monthly_utilization: [{'name': 'FK__monthly_u__compo__2EDAF651', 'constrained_columns': ['component_id'], 'referred_schema': None, 'referred_table': 'system_configuration', 'referred_columns': ['component_id'], 'options': {}}]
2025-12-13 13:53:31,403 - DEBUG - 🔗 Added relationship: monthly_utilization.component_id -> system_configuration.component_id
2025-12-13 13:53:31,407 - DEBUG - 🔗 Foreign keys for Overhaul_metadata: [{'name': 'FK__Overhaul___compo__214BF109', 'constrained_columns': ['component_id'], 'referred_schema': None, 'referred_table': 'system_configuration', 'referred_columns': ['component_id'], 'options': {}}]
2025-12-13 13:53:31,408 - DEBUG - 🔗 Added relationship: Overhaul_metadata.component_id -> system_configuration.component_id
2025-12-13 13:53:31,412 - DEBUG - 🔗 Foreign keys for Overhaul_Readings: [{'name': 'FK__Overhaul___compo__1E6F845E', 'constrained_columns': ['component_id'], 'referred_schema': None, 'referred_table': 'system_configuration', 'referred_columns': ['component_id'], 'options': {}}]
2025-12-13 13:53:31,412 - DEBUG - 🔗 Added relationship: Overhaul_Readings.component_id -> system_configuration.component_id
2025-12-13 13:53:31,416 - DEBUG - 🔗 Foreign keys for rcm: [{'name': 'FK__rcm__component_i__308E3499', 'constrained_columns': ['component_id'], 'referred_schema': None, 'referred_table': 'system_configuration', 'referred_columns': ['component_id'], 'options': {}}]
2025-12-13 13:53:31,416 - DEBUG - 🔗 Added relationship: rcm.component_id -> system_configuration.component_id
2025-12-13 13:53:31,420 - DEBUG - 🔗 Foreign keys for refresh_tokens: [{'name': 'FK__refresh_t__user___49C3F6B7', 'constrained_columns': ['user_id'], 'referred_schema': None, 'referred_table': 'users', 'referred_columns': ['id'], 'options': {}}]
2025-12-13 13:53:31,420 - DEBUG - 🔗 Added relationship: refresh_tokens.user_id -> users.id
2025-12-13 13:53:31,424 - DEBUG - 🔗 Foreign keys for sensor_metadata: [{'name': 'FK__sensor_me__compo__31B762FC', 'constrained_columns': ['component_id'], 'referred_schema': None, 'referred_table': 'system_configuration', 'referred_columns': ['component_id'], 'options': {}}, {'name': 'FK__sensor_me__failu__32AB8735', 'constrained_columns': ['failure_mode_id'], 'referred_schema': None, 'referred_table': 'failure_modes', 'referred_columns': ['failure_mode_id'], 'options': {}}]
2025-12-13 13:53:31,425 - DEBUG - 🔗 Added relationship: sensor_metadata.component_id -> system_configuration.component_id
2025-12-13 13:53:31,425 - DEBUG - 🔗 Added relationship: sensor_metadata.failure_mode_id -> failure_modes.failure_mode_id
2025-12-13 13:53:31,429 - DEBUG - 🔗 Foreign keys for sensor_readings: [{'name': 'FK__sensor_re__compo__3587F3E0', 'constrained_columns': ['component_id'], 'referred_schema': None, 'referred_table': 'system_configuration', 'referred_columns': ['component_id'], 'options': {}}, {'name': 'FK__sensor_re__senso__367C1819', 'constrained_columns': ['sensor_id'], 'referred_schema': None, 'referred_table': 'sensor_metadata', 'referred_columns': ['sensor_id'], 'options': {}}]
2025-12-13 13:53:31,429 - DEBUG - 🔗 Added relationship: sensor_readings.component_id -> system_configuration.component_id
2025-12-13 13:53:31,429 - DEBUG - 🔗 Added relationship: sensor_readings.sensor_id -> sensor_metadata.sensor_id
2025-12-13 13:53:31,433 - DEBUG - 🔗 Foreign keys for ships: []
2025-12-13 13:53:31,438 - DEBUG - 🔗 Foreign keys for system_configuration: [{'name': 'FK__system_co__depar__4BAC3F29', 'constrained_columns': ['department_id'], 'referred_schema': None, 'referred_table': 'departments', 'referred_columns': ['department_id'], 'options': {}}, {'name': 'FK__system_co__paren__4CA06362', 'constrained_columns': ['parent_id'], 'referred_schema': None, 'referred_table': 'system_configuration', 'referred_columns': ['component_id'], 'options': {}}, {'name': 'FK__system_co__ship___3864608B', 'constrained_columns': ['ship_id'], 'referred_schema': None, 'referred_table': 'ships', 'referred_columns': ['ship_id'], 'options': {}}, {'name': 'FK__system_co__syste__47A6A41B', 'constrained_columns': ['system_id'], 'referred_schema': None, 'referred_table': 'systems', 'referred_columns': ['system_id'], 'options': {}}]
2025-12-13 13:53:31,438 - DEBUG - 🔗 Added relationship: system_configuration.department_id -> departments.department_id
2025-12-13 13:53:31,438 - DEBUG - 🔗 Added relationship: system_configuration.parent_id -> system_configuration.component_id
2025-12-13 13:53:31,438 - DEBUG - 🔗 Added relationship: system_configuration.ship_id -> ships.ship_id
2025-12-13 13:53:31,438 - DEBUG - 🔗 Added relationship: system_configuration.system_id -> systems.system_id
2025-12-13 13:53:31,442 - DEBUG - 🔗 Foreign keys for systems: []
2025-12-13 13:53:31,446 - DEBUG - 🔗 Foreign keys for users: []
2025-12-13 13:53:31,446 - INFO - ✅ Schema loading complete. Found 19 tables and 20 relationships
2025-12-13 13:53:31,447 - DEBUG - 🔍 Relationship Details:
2025-12-13 13:53:31,447 - DEBUG -   ('alphabeta', 'system_configuration') -> ('alphabeta.component_id', 'system_configuration.component_id')
2025-12-13 13:53:31,447 - DEBUG -   ('departments', 'ships') -> ('departments.ship_id', 'ships.ship_id')
2025-12-13 13:53:31,447 - DEBUG -   ('etabeta', 'system_configuration') -> ('etabeta.component_id', 'system_configuration.component_id')
2025-12-13 13:53:31,447 - DEBUG -   ('etl_audit_log', 'system_configuration') -> ('etl_audit_log.component_id', 'system_configuration.component_id')
2025-12-13 13:53:31,447 - DEBUG -   ('etl_schedule', 'system_configuration') -> ('etl_schedule.component_id', 'system_configuration.component_id')
2025-12-13 13:53:31,447 - DEBUG -   ('failure_modes', 'system_configuration') -> ('failure_modes.component_id', 'system_configuration.component_id')
2025-12-13 13:53:31,447 - DEBUG -   ('Mission_configurations', 'ships') -> ('Mission_configurations.ship_id', 'ships.ship_id')
2025-12-13 13:53:31,447 - DEBUG -   ('monthly_utilization', 'system_configuration') -> ('monthly_utilization.component_id', 'system_configuration.component_id')
2025-12-13 13:53:31,447 - DEBUG -   ('Overhaul_metadata', 'system_configuration') -> ('Overhaul_metadata.component_id', 'system_configuration.component_id')
2025-12-13 13:53:31,447 - DEBUG -   ('Overhaul_Readings', 'system_configuration') -> ('Overhaul_Readings.component_id', 'system_configuration.component_id')
2025-12-13 13:53:31,447 - DEBUG -   ('rcm', 'system_configuration') -> ('rcm.component_id', 'system_configuration.component_id')
2025-12-13 13:53:31,447 - DEBUG -   ('refresh_tokens', 'users') -> ('refresh_tokens.user_id', 'users.id')
2025-12-13 13:53:31,447 - DEBUG -   ('sensor_metadata', 'system_configuration') -> ('sensor_metadata.component_id', 'system_configuration.component_id')
2025-12-13 13:53:31,447 - DEBUG -   ('sensor_metadata', 'failure_modes') -> ('sensor_metadata.failure_mode_id', 'failure_modes.failure_mode_id')
2025-12-13 13:53:31,447 - DEBUG -   ('sensor_readings', 'system_configuration') -> ('sensor_readings.component_id', 'system_configuration.component_id')
2025-12-13 13:53:31,447 - DEBUG -   ('sensor_readings', 'sensor_metadata') -> ('sensor_readings.sensor_id', 'sensor_metadata.sensor_id')
2025-12-13 13:53:31,447 - DEBUG -   ('system_configuration', 'departments') -> ('system_configuration.department_id', 'departments.department_id')
2025-12-13 13:53:31,447 - DEBUG -   ('system_configuration', 'system_configuration') -> ('system_configuration.parent_id', 'system_configuration.component_id')
2025-12-13 13:53:31,447 - DEBUG -   ('system_configuration', 'ships') -> ('system_configuration.ship_id', 'ships.ship_id')
2025-12-13 13:53:31,447 - DEBUG -   ('system_configuration', 'systems') -> ('system_configuration.system_id', 'systems.system_id')
2025-12-13 13:54:38,188 - INFO - Database engine created with pool_size=10
2025-12-13 13:54:38,189 - DEBUG - Starting _get_hierarchical_ship_data_sync
2025-12-13 13:54:38,190 - DEBUG - Executing SQLModel query for hierarchical ship data
2025-12-13 13:54:38,310 - INFO - SQLModel query returned 58 rows
2025-12-13 13:54:38,311 - DEBUG - First row sample: (UUID('f1250bac-b929-4620-9541-93cf0e612e34'), 'EX - MAGAR', 'Western Naval Command', UUID('591ba5ad-43c6-478c-aa4c-05edb9e61f2e'), 'REF PLANT (5F-20) MAGAR', 'REFRIGERATION PLANT (STBD)', UUID('a2b3e95b-c3b8-43ce-af79-eb445794f7ab'), <SystemType.FIRING: 'firing'>)
2025-12-13 13:54:38,311 - DEBUG - Starting to process and group results
2025-12-13 13:54:38,311 - DEBUG - Initializing new ship: EX - MAGAR (ID: f1250bac-b929-4620-9541-93cf0e612e34, Command: Western Naval Command)
2025-12-13 13:54:38,311 - DEBUG - Creating new command group: Western Naval Command
2025-12-13 13:54:38,311 - DEBUG - Creating new equipment group 'Firing' for ship EX - MAGAR
2025-12-13 13:54:38,311 - DEBUG - Creating new equipment group 'Power Generation' for ship EX - MAGAR
2025-12-13 13:54:38,311 - DEBUG - Creating new equipment group 'Propulsion' for ship EX - MAGAR
2025-12-13 13:54:38,311 - DEBUG - Creating new equipment group 'Support' for ship EX - MAGAR
2025-12-13 13:54:38,311 - DEBUG - Initializing new ship: INS ONE (ID: 33f13701-849f-4030-8d71-a0f65eac992e, Command: Western Naval Command)
2025-12-13 13:54:38,311 - DEBUG - Creating new equipment group 'Firing' for ship INS ONE
2025-12-13 13:54:38,311 - DEBUG - Creating new equipment group 'Power Generation' for ship INS ONE
2025-12-13 13:54:38,311 - DEBUG - Creating new equipment group 'Propulsion' for ship INS ONE
2025-12-13 13:54:38,311 - DEBUG - Creating new equipment group 'Support' for ship INS ONE
2025-12-13 13:54:38,311 - DEBUG - Initializing new ship: INS THREE (ID: 53f13701-849f-4030-8d71-a0f65eac992e, Command: Western Naval Command)
2025-12-13 13:54:38,311 - DEBUG - Creating new equipment group 'Firing' for ship INS THREE
2025-12-13 13:54:38,311 - DEBUG - Creating new equipment group 'Power Generation' for ship INS THREE
2025-12-13 13:54:38,311 - DEBUG - Creating new equipment group 'Propulsion' for ship INS THREE
2025-12-13 13:54:38,311 - DEBUG - Creating new equipment group 'Support' for ship INS THREE
2025-12-13 13:54:38,311 - DEBUG - Initializing new ship: INS TWO (ID: fdc1f9a0-d380-42bb-9ee5-7990a46ddff5, Command: Western Naval Command)
2025-12-13 13:54:38,312 - DEBUG - Creating new equipment group 'Firing' for ship INS TWO
2025-12-13 13:54:38,312 - DEBUG - Creating new equipment group 'Power Generation' for ship INS TWO
2025-12-13 13:54:38,312 - DEBUG - Creating new equipment group 'Propulsion' for ship INS TWO
2025-12-13 13:54:38,312 - DEBUG - Creating new equipment group 'Support' for ship INS TWO
2025-12-13 13:54:38,312 - INFO - Processed 4 unique ships into 1 command groups
2025-12-13 13:54:38,312 - DEBUG - Converting to final data structure
2025-12-13 13:54:38,312 - DEBUG - Ship f1250bac-b929-4620-9541-93cf0e612e34: 4 equipment groups, 10 total items
2025-12-13 13:54:38,312 - DEBUG - Ship 33f13701-849f-4030-8d71-a0f65eac992e: 4 equipment groups, 16 total items
2025-12-13 13:54:38,312 - DEBUG - Ship 53f13701-849f-4030-8d71-a0f65eac992e: 4 equipment groups, 16 total items
2025-12-13 13:54:38,312 - DEBUG - Ship fdc1f9a0-d380-42bb-9ee5-7990a46ddff5: 4 equipment groups, 16 total items
2025-12-13 13:54:38,312 - INFO - Final data structure: 1 command groups, 4 total ships
2025-12-13 13:54:38,312 - DEBUG - Command groups: ['Western Naval Command']
2025-12-13 13:54:38,312 - INFO - Successfully retrieved hierarchical ship data
2025-12-13 14:06:46,377 - INFO - Retrieved 4 systems for ship ID: 33f13701-849f-4030-8d71-a0f65eac992e
2025-12-13 14:06:46,402 - INFO - Retrieved hierarchical component structure for system 64044bde-5b46-4ab3-b44d-2d140833284b: 5 total components, 4 root components
2025-12-13 14:06:46,408 - INFO - Default age (total utilization) for component 5358d044-9f4f-44cf-a975-341221f7189d: 8560.0
2025-12-13 14:06:46,413 - INFO - Default age (total utilization) for component ab055ca1-2aa1-4c55-a1b1-39ead450a131: 9820.0
2025-12-13 14:06:46,417 - INFO - Default age (total utilization) for component 8e7c0c15-f44e-42be-bbf4-e04a62fc242e: 26860.0
2025-12-13 14:06:46,421 - INFO - Default age (total utilization) for component da570729-9a1e-4fa1-8399-e21c93c46e8f: 7500.0
2025-12-13 14:06:46,423 - INFO - Retrieved hierarchical component structure for system 017bdf6b-d9f2-4f31-869d-842ad61a9627: 4 total components, 4 root components
2025-12-13 14:06:46,427 - INFO - Default age (total utilization) for component 443360a0-6218-486b-a34c-1813963177b7: 4500.0
2025-12-13 14:06:46,431 - INFO - Default age (total utilization) for component 5eefd3c9-cbe0-48db-a43d-89247f46ed8a: 3620.0
2025-12-13 14:06:46,435 - INFO - Default age (total utilization) for component 1872dfb4-58f9-48d4-a713-953cd7e1048a: 5600.0
2025-12-13 14:06:46,439 - INFO - Default age (total utilization) for component c652b6b3-9d13-4e4d-833e-dd71aecd102b: 4720.0
2025-12-13 14:06:46,442 - INFO - Retrieved hierarchical component structure for system 6b3a59eb-4cc2-4480-b512-9357aed35540: 6 total components, 6 root components
2025-12-13 14:06:46,446 - INFO - Default age (total utilization) for component 308804ec-bca2-45e9-b665-515de88ffa70: 26900.0
2025-12-13 14:06:46,450 - INFO - Default age (total utilization) for component 38093be3-acb7-40db-80ec-542dfc8d5d7d: 32500.0
2025-12-13 14:06:46,454 - INFO - Default age (total utilization) for component 6493cf2d-16e8-4d8f-b25c-a700e2c184b0: 30400.0
2025-12-13 14:06:46,457 - INFO - Default age (total utilization) for component 73c2a73c-0e92-4742-9775-af95e89e1841: 8620.0
2025-12-13 14:06:46,460 - INFO - Default age (total utilization) for component 73e87156-1ff9-494e-9f7f-f0fdad5f4a20: 7200.0
2025-12-13 14:06:46,463 - INFO - Default age (total utilization) for component d10aa05d-1f80-436d-b612-f52e28c44676: 7520.0
2025-12-13 14:06:46,465 - INFO - Retrieved hierarchical component structure for system a2b3e95b-c3b8-43ce-af79-eb445794f7ab: 2 total components, 2 root components
2025-12-13 14:06:46,468 - INFO - Default age (total utilization) for component 1c16dacf-69cd-4061-b004-113d85948c61: 1480.0
2025-12-13 14:06:46,471 - INFO - Default age (total utilization) for component db30946a-2baf-49e4-9ceb-ec72365089b4: 1140.0
2025-12-13 14:06:46,968 - INFO - Retrieved 4 systems for ship ID: 33f13701-849f-4030-8d71-a0f65eac992e
2025-12-13 14:06:46,975 - INFO - Retrieved hierarchical component structure for system 64044bde-5b46-4ab3-b44d-2d140833284b: 5 total components, 4 root components
2025-12-13 14:06:46,979 - INFO - Default age (total utilization) for component 5358d044-9f4f-44cf-a975-341221f7189d: 8560.0
2025-12-13 14:06:46,983 - INFO - Default age (total utilization) for component ab055ca1-2aa1-4c55-a1b1-39ead450a131: 9820.0
2025-12-13 14:06:46,987 - INFO - Default age (total utilization) for component 8e7c0c15-f44e-42be-bbf4-e04a62fc242e: 26860.0
2025-12-13 14:06:46,990 - INFO - Default age (total utilization) for component da570729-9a1e-4fa1-8399-e21c93c46e8f: 7500.0
2025-12-13 14:06:46,992 - INFO - Retrieved hierarchical component structure for system 017bdf6b-d9f2-4f31-869d-842ad61a9627: 4 total components, 4 root components
2025-12-13 14:06:46,995 - INFO - Default age (total utilization) for component 443360a0-6218-486b-a34c-1813963177b7: 4500.0
2025-12-13 14:06:46,999 - INFO - Default age (total utilization) for component 5eefd3c9-cbe0-48db-a43d-89247f46ed8a: 3620.0
2025-12-13 14:06:47,003 - INFO - Default age (total utilization) for component 1872dfb4-58f9-48d4-a713-953cd7e1048a: 5600.0
2025-12-13 14:06:47,006 - INFO - Default age (total utilization) for component c652b6b3-9d13-4e4d-833e-dd71aecd102b: 4720.0
2025-12-13 14:06:47,008 - INFO - Retrieved hierarchical component structure for system 6b3a59eb-4cc2-4480-b512-9357aed35540: 6 total components, 6 root components
2025-12-13 14:06:47,011 - INFO - Default age (total utilization) for component 308804ec-bca2-45e9-b665-515de88ffa70: 26900.0
2025-12-13 14:06:47,014 - INFO - Default age (total utilization) for component 38093be3-acb7-40db-80ec-542dfc8d5d7d: 32500.0
2025-12-13 14:06:47,018 - INFO - Default age (total utilization) for component 6493cf2d-16e8-4d8f-b25c-a700e2c184b0: 30400.0
2025-12-13 14:06:47,021 - INFO - Default age (total utilization) for component 73c2a73c-0e92-4742-9775-af95e89e1841: 8620.0
2025-12-13 14:06:47,024 - INFO - Default age (total utilization) for component 73e87156-1ff9-494e-9f7f-f0fdad5f4a20: 7200.0
2025-12-13 14:06:47,028 - INFO - Default age (total utilization) for component d10aa05d-1f80-436d-b612-f52e28c44676: 7520.0
2025-12-13 14:06:47,029 - INFO - Retrieved hierarchical component structure for system a2b3e95b-c3b8-43ce-af79-eb445794f7ab: 2 total components, 2 root components
2025-12-13 14:06:47,033 - INFO - Default age (total utilization) for component 1c16dacf-69cd-4061-b004-113d85948c61: 1480.0
2025-12-13 14:06:47,037 - INFO - Default age (total utilization) for component db30946a-2baf-49e4-9ceb-ec72365089b4: 1140.0
2025-12-13 14:06:47,190 - INFO - Retrieved system hierarchy for ship 33f13701-849f-4030-8d71-a0f65eac992e: 4 systems, 17 components, 2 departments
2025-12-13 17:27:45,921 - INFO - Loading configuration from: /home/user/IITB/netra/backend/utils/config.yaml
2025-12-13 17:27:45,937 - INFO - Initializing LLMClient with Ollama model: codellama:7b-instruct
2025-12-13 17:27:45,937 - INFO - Loading configuration from: /home/user/IITB/netra/backend/utils/config.yaml
2025-12-13 17:27:45,952 - INFO - Loading configuration from: /home/user/IITB/netra/backend/utils/config.yaml
2025-12-13 17:27:45,967 - INFO - Initializing LLMClient with Ollama model: codellama:7b-instruct
2025-12-13 17:27:46,004 - INFO - ✅ Database engine created with URL: mssql+pyodbc://sa:Camlab110@localhost:1433/NetraKoshx?driver=ODBC+Driver+18+for+SQL+Server&TrustServerCertificate=yes&timeout=300
2025-12-13 17:27:46,203 - INFO - 🔍 Found tables: ['alembic_version', 'alphabeta', 'departments', 'etabeta', 'etl_audit_log', 'etl_schedule', 'failure_modes', 'Mission_configurations', 'monthly_utilization', 'Overhaul_metadata', 'Overhaul_Readings', 'rcm', 'refresh_tokens', 'sensor_metadata', 'sensor_readings', 'ships', 'system_configuration', 'systems', 'users']
2025-12-13 17:27:46,209 - DEBUG - 📊 Table alembic_version columns: ['version_num']
2025-12-13 17:27:46,212 - DEBUG - 📊 Table alphabeta columns: ['id', 'alpha', 'beta', 'component_id']
2025-12-13 17:27:46,215 - DEBUG - 📊 Table departments columns: ['ship_id', 'department_name', 'department_code', 'department_id', 'created_date', 'modified_date']
2025-12-13 17:27:46,218 - DEBUG - 📊 Table etabeta columns: ['id', 'eta', 'beta', 'component_id', 'priority']
2025-12-13 17:27:46,221 - DEBUG - 📊 Table etl_audit_log columns: ['log_id', 'run_id', 'component_id', 'ship_name', 'nomenclature', 'start_time', 'end_time', 'duration_ms', 'rows_processed', 'rows_inserted', 'rows_updated', 'status', 'error_details', 'retry_attempt', 'created_at']
2025-12-13 17:27:46,224 - DEBUG - 📊 Table etl_schedule columns: ['component_id', 'frequency_minutes', 'last_run_time', 'next_run_time', 'status', 'retry_count', 'max_retries', 'error_message', 'created_at', 'updated_at']
2025-12-13 17:27:46,227 - DEBUG - 📊 Table failure_modes columns: ['name', 'severity', 'component_id', 'failure_mode_id']
2025-12-13 17:27:46,230 - DEBUG - 📊 Table Mission_configurations columns: ['config_name', 'id', 'created_date', 'modified_date', 'configuration', 'ship_id', 'ship_name']
2025-12-13 17:27:46,233 - DEBUG - 📊 Table monthly_utilization columns: ['id', 'operation_date', 'utlization', 'component_id']
2025-12-13 17:27:46,236 - DEBUG - 📊 Table Overhaul_metadata columns: ['id', 'component_id', 'overhaul_frequency_hours', 'total_overhaul_events', 'last_overhaul_date']
2025-12-13 17:27:46,239 - DEBUG - 📊 Table Overhaul_Readings columns: ['id', 'component_id', 'maintenance_type', 'defect_date', 'cmms_running_age', 'running_age']
2025-12-13 17:27:46,241 - DEBUG - 📊 Table rcm columns: ['rcm_id', 'component_id', 'decision_path', 'maintenance_policy', 'created_date', 'modified_date']
2025-12-13 17:27:46,244 - DEBUG - 📊 Table refresh_tokens columns: ['id', 'token', 'user_id', 'expires_at', 'created_at', 'is_revoked']
2025-12-13 17:27:46,247 - DEBUG - 📊 Table sensor_metadata columns: ['sensor_name', 'unit', 'min_value', 'max_value', 'frequency', 'P', 'F', 'component_id', 'sensor_id', 'failure_mode_id']
2025-12-13 17:27:46,250 - DEBUG - 📊 Table sensor_readings columns: ['value', 'operating_hours', 'alert', 'id', 'date', 'component_id', 'sensor_id']
2025-12-13 17:27:46,253 - DEBUG - 📊 Table ships columns: ['ship_name', 'ship_category', 'ship_class', 'command', 'ship_id', 'created_date', 'modified_date']
2025-12-13 17:27:46,256 - DEBUG - 📊 Table system_configuration columns: ['component_name', 'parent_id', 'department_id', 'CMMS_EquipmentCode', 'is_lmu', 'parent_name', 'nomenclature', 'etl', 'component_id', 'created_date', 'modified_date', 'ship_id', 'system_id', 'RepairType']
2025-12-13 17:27:46,258 - DEBUG - 📊 Table systems columns: ['system_id', 'system_type', 'created_date']
2025-12-13 17:27:46,261 - DEBUG - 📊 Table users columns: ['email', 'username', 'full_name', 'role', 'is_active', 'id', 'hashed_password', 'created_at', 'updated_at', 'last_login']
2025-12-13 17:27:46,275 - DEBUG - 🔗 Foreign keys for alembic_version: []
2025-12-13 17:27:46,279 - DEBUG - 🔗 Foreign keys for alphabeta: [{'name': 'FK__alphabeta__compo__3E1D39E1', 'constrained_columns': ['component_id'], 'referred_schema': None, 'referred_table': 'system_configuration', 'referred_columns': ['component_id'], 'options': {}}]
2025-12-13 17:27:46,280 - DEBUG - 🔗 Added relationship: alphabeta.component_id -> system_configuration.component_id
2025-12-13 17:27:46,284 - DEBUG - 🔗 Foreign keys for departments: [{'name': 'FK__departmen__ship___47DBAE45', 'constrained_columns': ['ship_id'], 'referred_schema': None, 'referred_table': 'ships', 'referred_columns': ['ship_id'], 'options': {}}]
2025-12-13 17:27:46,284 - DEBUG - 🔗 Added relationship: departments.ship_id -> ships.ship_id
2025-12-13 17:27:46,288 - DEBUG - 🔗 Foreign keys for etabeta: [{'name': 'FK__etabeta__compone__40F9A68C', 'constrained_columns': ['component_id'], 'referred_schema': None, 'referred_table': 'system_configuration', 'referred_columns': ['component_id'], 'options': {}}]
2025-12-13 17:27:46,288 - DEBUG - 🔗 Added relationship: etabeta.component_id -> system_configuration.component_id
2025-12-13 17:27:46,293 - DEBUG - 🔗 Foreign keys for etl_audit_log: [{'name': 'FK__etl_audit__compo__55009F39', 'constrained_columns': ['component_id'], 'referred_schema': None, 'referred_table': 'system_configuration', 'referred_columns': ['component_id'], 'options': {}}]
2025-12-13 17:27:46,293 - DEBUG - 🔗 Added relationship: etl_audit_log.component_id -> system_configuration.component_id
2025-12-13 17:27:46,299 - DEBUG - 🔗 Foreign keys for etl_schedule: [{'name': 'FK__etl_sched__compo__57DD0BE4', 'constrained_columns': ['component_id'], 'referred_schema': None, 'referred_table': 'system_configuration', 'referred_columns': ['component_id'], 'options': {}}]
2025-12-13 17:27:46,299 - DEBUG - 🔗 Added relationship: etl_schedule.component_id -> system_configuration.component_id
2025-12-13 17:27:46,303 - DEBUG - 🔗 Foreign keys for failure_modes: [{'name': 'FK__failure_m__compo__37703C52', 'constrained_columns': ['component_id'], 'referred_schema': None, 'referred_table': 'system_configuration', 'referred_columns': ['component_id'], 'options': {}}]
2025-12-13 17:27:46,303 - DEBUG - 🔗 Added relationship: failure_modes.component_id -> system_configuration.component_id
2025-12-13 17:27:46,308 - DEBUG - 🔗 Foreign keys for Mission_configurations: [{'name': 'fk_mission_ship', 'constrained_columns': ['ship_id'], 'referred_schema': None, 'referred_table': 'ships', 'referred_columns': ['ship_id'], 'options': {}}]
2025-12-13 17:27:46,308 - DEBUG - 🔗 Added relationship: Mission_configurations.ship_id -> ships.ship_id
2025-12-13 17:27:46,312 - DEBUG - 🔗 Foreign keys for monthly_utilization: [{'name': 'FK__monthly_u__compo__2EDAF651', 'constrained_columns': ['component_id'], 'referred_schema': None, 'referred_table': 'system_configuration', 'referred_columns': ['component_id'], 'options': {}}]
2025-12-13 17:27:46,312 - DEBUG - 🔗 Added relationship: monthly_utilization.component_id -> system_configuration.component_id
2025-12-13 17:27:46,316 - DEBUG - 🔗 Foreign keys for Overhaul_metadata: [{'name': 'FK__Overhaul___compo__214BF109', 'constrained_columns': ['component_id'], 'referred_schema': None, 'referred_table': 'system_configuration', 'referred_columns': ['component_id'], 'options': {}}]
2025-12-13 17:27:46,316 - DEBUG - 🔗 Added relationship: Overhaul_metadata.component_id -> system_configuration.component_id
2025-12-13 17:27:46,321 - DEBUG - 🔗 Foreign keys for Overhaul_Readings: [{'name': 'FK__Overhaul___compo__1E6F845E', 'constrained_columns': ['component_id'], 'referred_schema': None, 'referred_table': 'system_configuration', 'referred_columns': ['component_id'], 'options': {}}]
2025-12-13 17:27:46,321 - DEBUG - 🔗 Added relationship: Overhaul_Readings.component_id -> system_configuration.component_id
2025-12-13 17:27:46,325 - DEBUG - 🔗 Foreign keys for rcm: [{'name': 'FK__rcm__component_i__308E3499', 'constrained_columns': ['component_id'], 'referred_schema': None, 'referred_table': 'system_configuration', 'referred_columns': ['component_id'], 'options': {}}]
2025-12-13 17:27:46,325 - DEBUG - 🔗 Added relationship: rcm.component_id -> system_configuration.component_id
2025-12-13 17:27:46,330 - DEBUG - 🔗 Foreign keys for refresh_tokens: [{'name': 'FK__refresh_t__user___49C3F6B7', 'constrained_columns': ['user_id'], 'referred_schema': None, 'referred_table': 'users', 'referred_columns': ['id'], 'options': {}}]
2025-12-13 17:27:46,330 - DEBUG - 🔗 Added relationship: refresh_tokens.user_id -> users.id
2025-12-13 17:27:46,334 - DEBUG - 🔗 Foreign keys for sensor_metadata: [{'name': 'FK__sensor_me__compo__31B762FC', 'constrained_columns': ['component_id'], 'referred_schema': None, 'referred_table': 'system_configuration', 'referred_columns': ['component_id'], 'options': {}}, {'name': 'FK__sensor_me__failu__32AB8735', 'constrained_columns': ['failure_mode_id'], 'referred_schema': None, 'referred_table': 'failure_modes', 'referred_columns': ['failure_mode_id'], 'options': {}}]
2025-12-13 17:27:46,334 - DEBUG - 🔗 Added relationship: sensor_metadata.component_id -> system_configuration.component_id
2025-12-13 17:27:46,334 - DEBUG - 🔗 Added relationship: sensor_metadata.failure_mode_id -> failure_modes.failure_mode_id
2025-12-13 17:27:46,345 - DEBUG - 🔗 Foreign keys for sensor_readings: [{'name': 'FK__sensor_re__compo__3587F3E0', 'constrained_columns': ['component_id'], 'referred_schema': None, 'referred_table': 'system_configuration', 'referred_columns': ['component_id'], 'options': {}}, {'name': 'FK__sensor_re__senso__367C1819', 'constrained_columns': ['sensor_id'], 'referred_schema': None, 'referred_table': 'sensor_metadata', 'referred_columns': ['sensor_id'], 'options': {}}]
2025-12-13 17:27:46,346 - DEBUG - 🔗 Added relationship: sensor_readings.component_id -> system_configuration.component_id
2025-12-13 17:27:46,346 - DEBUG - 🔗 Added relationship: sensor_readings.sensor_id -> sensor_metadata.sensor_id
2025-12-13 17:27:46,350 - DEBUG - 🔗 Foreign keys for ships: []
2025-12-13 17:27:46,355 - DEBUG - 🔗 Foreign keys for system_configuration: [{'name': 'FK__system_co__depar__4BAC3F29', 'constrained_columns': ['department_id'], 'referred_schema': None, 'referred_table': 'departments', 'referred_columns': ['department_id'], 'options': {}}, {'name': 'FK__system_co__paren__4CA06362', 'constrained_columns': ['parent_id'], 'referred_schema': None, 'referred_table': 'system_configuration', 'referred_columns': ['component_id'], 'options': {}}, {'name': 'FK__system_co__ship___3864608B', 'constrained_columns': ['ship_id'], 'referred_schema': None, 'referred_table': 'ships', 'referred_columns': ['ship_id'], 'options': {}}, {'name': 'FK__system_co__syste__47A6A41B', 'constrained_columns': ['system_id'], 'referred_schema': None, 'referred_table': 'systems', 'referred_columns': ['system_id'], 'options': {}}]
2025-12-13 17:27:46,355 - DEBUG - 🔗 Added relationship: system_configuration.department_id -> departments.department_id
2025-12-13 17:27:46,355 - DEBUG - 🔗 Added relationship: system_configuration.parent_id -> system_configuration.component_id
2025-12-13 17:27:46,355 - DEBUG - 🔗 Added relationship: system_configuration.ship_id -> ships.ship_id
2025-12-13 17:27:46,355 - DEBUG - 🔗 Added relationship: system_configuration.system_id -> systems.system_id
2025-12-13 17:27:46,359 - DEBUG - 🔗 Foreign keys for systems: []
2025-12-13 17:27:46,363 - DEBUG - 🔗 Foreign keys for users: []
2025-12-13 17:27:46,363 - INFO - ✅ Schema loading complete. Found 19 tables and 20 relationships
2025-12-13 17:27:46,364 - DEBUG - 🔍 Relationship Details:
2025-12-13 17:27:46,364 - DEBUG -   ('alphabeta', 'system_configuration') -> ('alphabeta.component_id', 'system_configuration.component_id')
2025-12-13 17:27:46,364 - DEBUG -   ('departments', 'ships') -> ('departments.ship_id', 'ships.ship_id')
2025-12-13 17:27:46,364 - DEBUG -   ('etabeta', 'system_configuration') -> ('etabeta.component_id', 'system_configuration.component_id')
2025-12-13 17:27:46,364 - DEBUG -   ('etl_audit_log', 'system_configuration') -> ('etl_audit_log.component_id', 'system_configuration.component_id')
2025-12-13 17:27:46,364 - DEBUG -   ('etl_schedule', 'system_configuration') -> ('etl_schedule.component_id', 'system_configuration.component_id')
2025-12-13 17:27:46,364 - DEBUG -   ('failure_modes', 'system_configuration') -> ('failure_modes.component_id', 'system_configuration.component_id')
2025-12-13 17:27:46,364 - DEBUG -   ('Mission_configurations', 'ships') -> ('Mission_configurations.ship_id', 'ships.ship_id')
2025-12-13 17:27:46,364 - DEBUG -   ('monthly_utilization', 'system_configuration') -> ('monthly_utilization.component_id', 'system_configuration.component_id')
2025-12-13 17:27:46,364 - DEBUG -   ('Overhaul_metadata', 'system_configuration') -> ('Overhaul_metadata.component_id', 'system_configuration.component_id')
2025-12-13 17:27:46,364 - DEBUG -   ('Overhaul_Readings', 'system_configuration') -> ('Overhaul_Readings.component_id', 'system_configuration.component_id')
2025-12-13 17:27:46,364 - DEBUG -   ('rcm', 'system_configuration') -> ('rcm.component_id', 'system_configuration.component_id')
2025-12-13 17:27:46,364 - DEBUG -   ('refresh_tokens', 'users') -> ('refresh_tokens.user_id', 'users.id')
2025-12-13 17:27:46,364 - DEBUG -   ('sensor_metadata', 'system_configuration') -> ('sensor_metadata.component_id', 'system_configuration.component_id')
2025-12-13 17:27:46,364 - DEBUG -   ('sensor_metadata', 'failure_modes') -> ('sensor_metadata.failure_mode_id', 'failure_modes.failure_mode_id')
2025-12-13 17:27:46,364 - DEBUG -   ('sensor_readings', 'system_configuration') -> ('sensor_readings.component_id', 'system_configuration.component_id')
2025-12-13 17:27:46,364 - DEBUG -   ('sensor_readings', 'sensor_metadata') -> ('sensor_readings.sensor_id', 'sensor_metadata.sensor_id')
2025-12-13 17:27:46,364 - DEBUG -   ('system_configuration', 'departments') -> ('system_configuration.department_id', 'departments.department_id')
2025-12-13 17:27:46,364 - DEBUG -   ('system_configuration', 'system_configuration') -> ('system_configuration.parent_id', 'system_configuration.component_id')
2025-12-13 17:27:46,364 - DEBUG -   ('system_configuration', 'ships') -> ('system_configuration.ship_id', 'ships.ship_id')
2025-12-13 17:27:46,364 - DEBUG -   ('system_configuration', 'systems') -> ('system_configuration.system_id', 'systems.system_id')
2025-12-13 17:27:46,365 - INFO - 📌 Loaded conversation memory from disk.
2025-12-13 17:27:46,365 - INFO - 📌 Initialized memory: Last 5 exchanges
2025-12-13 17:27:46,974 - DEBUG - loaded lazy attr 'SafeConfigParser': <class 'configparser.ConfigParser'>
2025-12-13 17:27:46,975 - DEBUG - loaded lazy attr 'NativeStringIO': <class '_io.StringIO'>
2025-12-13 17:27:46,975 - DEBUG - loaded lazy attr 'BytesIO': <class '_io.BytesIO'>
2025-12-13 17:27:46,978 - DEBUG - registered 'bcrypt' handler: <class 'passlib.handlers.bcrypt.bcrypt'>
2025-12-13 17:27:48,673 - INFO - MissionReliabilityCalculator initialized
2025-12-13 17:27:50,241 - INFO - Loading configuration from: /home/user/IITB/netra/backend/utils/config.yaml
2025-12-13 17:27:50,257 - INFO - Initializing LLMClient with Ollama model: codellama:7b-instruct
2025-12-13 17:27:50,258 - INFO - ✅ Database engine created with URL: mssql+pyodbc://sa:Camlab110@localhost:1433/NetraKoshx?driver=ODBC+Driver+18+for+SQL+Server&TrustServerCertificate=yes&timeout=300
2025-12-13 17:27:50,270 - INFO - 🔍 Found tables: ['alembic_version', 'alphabeta', 'departments', 'etabeta', 'etl_audit_log', 'etl_schedule', 'failure_modes', 'Mission_configurations', 'monthly_utilization', 'Overhaul_metadata', 'Overhaul_Readings', 'rcm', 'refresh_tokens', 'sensor_metadata', 'sensor_readings', 'ships', 'system_configuration', 'systems', 'users']
2025-12-13 17:27:50,275 - DEBUG - 📊 Table alembic_version columns: ['version_num']
2025-12-13 17:27:50,277 - DEBUG - 📊 Table alphabeta columns: ['id', 'alpha', 'beta', 'component_id']
2025-12-13 17:27:50,280 - DEBUG - 📊 Table departments columns: ['ship_id', 'department_name', 'department_code', 'department_id', 'created_date', 'modified_date']
2025-12-13 17:27:50,283 - DEBUG - 📊 Table etabeta columns: ['id', 'eta', 'beta', 'component_id', 'priority']
2025-12-13 17:27:50,287 - DEBUG - 📊 Table etl_audit_log columns: ['log_id', 'run_id', 'component_id', 'ship_name', 'nomenclature', 'start_time', 'end_time', 'duration_ms', 'rows_processed', 'rows_inserted', 'rows_updated', 'status', 'error_details', 'retry_attempt', 'created_at']
2025-12-13 17:27:50,290 - DEBUG - 📊 Table etl_schedule columns: ['component_id', 'frequency_minutes', 'last_run_time', 'next_run_time', 'status', 'retry_count', 'max_retries', 'error_message', 'created_at', 'updated_at']
2025-12-13 17:27:50,293 - DEBUG - 📊 Table failure_modes columns: ['name', 'severity', 'component_id', 'failure_mode_id']
2025-12-13 17:27:50,296 - DEBUG - 📊 Table Mission_configurations columns: ['config_name', 'id', 'created_date', 'modified_date', 'configuration', 'ship_id', 'ship_name']
2025-12-13 17:27:50,298 - DEBUG - 📊 Table monthly_utilization columns: ['id', 'operation_date', 'utlization', 'component_id']
2025-12-13 17:27:50,301 - DEBUG - 📊 Table Overhaul_metadata columns: ['id', 'component_id', 'overhaul_frequency_hours', 'total_overhaul_events', 'last_overhaul_date']
2025-12-13 17:27:50,304 - DEBUG - 📊 Table Overhaul_Readings columns: ['id', 'component_id', 'maintenance_type', 'defect_date', 'cmms_running_age', 'running_age']
2025-12-13 17:27:50,306 - DEBUG - 📊 Table rcm columns: ['rcm_id', 'component_id', 'decision_path', 'maintenance_policy', 'created_date', 'modified_date']
2025-12-13 17:27:50,309 - DEBUG - 📊 Table refresh_tokens columns: ['id', 'token', 'user_id', 'expires_at', 'created_at', 'is_revoked']
2025-12-13 17:27:50,312 - DEBUG - 📊 Table sensor_metadata columns: ['sensor_name', 'unit', 'min_value', 'max_value', 'frequency', 'P', 'F', 'component_id', 'sensor_id', 'failure_mode_id']
2025-12-13 17:27:50,316 - DEBUG - 📊 Table sensor_readings columns: ['value', 'operating_hours', 'alert', 'id', 'date', 'component_id', 'sensor_id']
2025-12-13 17:27:50,319 - DEBUG - 📊 Table ships columns: ['ship_name', 'ship_category', 'ship_class', 'command', 'ship_id', 'created_date', 'modified_date']
2025-12-13 17:27:50,323 - DEBUG - 📊 Table system_configuration columns: ['component_name', 'parent_id', 'department_id', 'CMMS_EquipmentCode', 'is_lmu', 'parent_name', 'nomenclature', 'etl', 'component_id', 'created_date', 'modified_date', 'ship_id', 'system_id', 'RepairType']
2025-12-13 17:27:50,326 - DEBUG - 📊 Table systems columns: ['system_id', 'system_type', 'created_date']
2025-12-13 17:27:50,329 - DEBUG - 📊 Table users columns: ['email', 'username', 'full_name', 'role', 'is_active', 'id', 'hashed_password', 'created_at', 'updated_at', 'last_login']
2025-12-13 17:27:50,335 - DEBUG - 🔗 Foreign keys for alembic_version: []
2025-12-13 17:27:50,340 - DEBUG - 🔗 Foreign keys for alphabeta: [{'name': 'FK__alphabeta__compo__3E1D39E1', 'constrained_columns': ['component_id'], 'referred_schema': None, 'referred_table': 'system_configuration', 'referred_columns': ['component_id'], 'options': {}}]
2025-12-13 17:27:50,340 - DEBUG - 🔗 Added relationship: alphabeta.component_id -> system_configuration.component_id
2025-12-13 17:27:50,345 - DEBUG - 🔗 Foreign keys for departments: [{'name': 'FK__departmen__ship___47DBAE45', 'constrained_columns': ['ship_id'], 'referred_schema': None, 'referred_table': 'ships', 'referred_columns': ['ship_id'], 'options': {}}]
2025-12-13 17:27:50,345 - DEBUG - 🔗 Added relationship: departments.ship_id -> ships.ship_id
2025-12-13 17:27:50,349 - DEBUG - 🔗 Foreign keys for etabeta: [{'name': 'FK__etabeta__compone__40F9A68C', 'constrained_columns': ['component_id'], 'referred_schema': None, 'referred_table': 'system_configuration', 'referred_columns': ['component_id'], 'options': {}}]
2025-12-13 17:27:50,349 - DEBUG - 🔗 Added relationship: etabeta.component_id -> system_configuration.component_id
2025-12-13 17:27:50,354 - DEBUG - 🔗 Foreign keys for etl_audit_log: [{'name': 'FK__etl_audit__compo__55009F39', 'constrained_columns': ['component_id'], 'referred_schema': None, 'referred_table': 'system_configuration', 'referred_columns': ['component_id'], 'options': {}}]
2025-12-13 17:27:50,354 - DEBUG - 🔗 Added relationship: etl_audit_log.component_id -> system_configuration.component_id
2025-12-13 17:27:50,358 - DEBUG - 🔗 Foreign keys for etl_schedule: [{'name': 'FK__etl_sched__compo__57DD0BE4', 'constrained_columns': ['component_id'], 'referred_schema': None, 'referred_table': 'system_configuration', 'referred_columns': ['component_id'], 'options': {}}]
2025-12-13 17:27:50,358 - DEBUG - 🔗 Added relationship: etl_schedule.component_id -> system_configuration.component_id
2025-12-13 17:27:50,362 - DEBUG - 🔗 Foreign keys for failure_modes: [{'name': 'FK__failure_m__compo__37703C52', 'constrained_columns': ['component_id'], 'referred_schema': None, 'referred_table': 'system_configuration', 'referred_columns': ['component_id'], 'options': {}}]
2025-12-13 17:27:50,363 - DEBUG - 🔗 Added relationship: failure_modes.component_id -> system_configuration.component_id
2025-12-13 17:27:50,367 - DEBUG - 🔗 Foreign keys for Mission_configurations: [{'name': 'fk_mission_ship', 'constrained_columns': ['ship_id'], 'referred_schema': None, 'referred_table': 'ships', 'referred_columns': ['ship_id'], 'options': {}}]
2025-12-13 17:27:50,367 - DEBUG - 🔗 Added relationship: Mission_configurations.ship_id -> ships.ship_id
2025-12-13 17:27:50,371 - DEBUG - 🔗 Foreign keys for monthly_utilization: [{'name': 'FK__monthly_u__compo__2EDAF651', 'constrained_columns': ['component_id'], 'referred_schema': None, 'referred_table': 'system_configuration', 'referred_columns': ['component_id'], 'options': {}}]
2025-12-13 17:27:50,371 - DEBUG - 🔗 Added relationship: monthly_utilization.component_id -> system_configuration.component_id
2025-12-13 17:27:50,375 - DEBUG - 🔗 Foreign keys for Overhaul_metadata: [{'name': 'FK__Overhaul___compo__214BF109', 'constrained_columns': ['component_id'], 'referred_schema': None, 'referred_table': 'system_configuration', 'referred_columns': ['component_id'], 'options': {}}]
2025-12-13 17:27:50,376 - DEBUG - 🔗 Added relationship: Overhaul_metadata.component_id -> system_configuration.component_id
2025-12-13 17:27:50,380 - DEBUG - 🔗 Foreign keys for Overhaul_Readings: [{'name': 'FK__Overhaul___compo__1E6F845E', 'constrained_columns': ['component_id'], 'referred_schema': None, 'referred_table': 'system_configuration', 'referred_columns': ['component_id'], 'options': {}}]
2025-12-13 17:27:50,380 - DEBUG - 🔗 Added relationship: Overhaul_Readings.component_id -> system_configuration.component_id
2025-12-13 17:27:50,384 - DEBUG - 🔗 Foreign keys for rcm: [{'name': 'FK__rcm__component_i__308E3499', 'constrained_columns': ['component_id'], 'referred_schema': None, 'referred_table': 'system_configuration', 'referred_columns': ['component_id'], 'options': {}}]
2025-12-13 17:27:50,384 - DEBUG - 🔗 Added relationship: rcm.component_id -> system_configuration.component_id
2025-12-13 17:27:50,389 - DEBUG - 🔗 Foreign keys for refresh_tokens: [{'name': 'FK__refresh_t__user___49C3F6B7', 'constrained_columns': ['user_id'], 'referred_schema': None, 'referred_table': 'users', 'referred_columns': ['id'], 'options': {}}]
2025-12-13 17:27:50,389 - DEBUG - 🔗 Added relationship: refresh_tokens.user_id -> users.id
2025-12-13 17:27:50,393 - DEBUG - 🔗 Foreign keys for sensor_metadata: [{'name': 'FK__sensor_me__compo__31B762FC', 'constrained_columns': ['component_id'], 'referred_schema': None, 'referred_table': 'system_configuration', 'referred_columns': ['component_id'], 'options': {}}, {'name': 'FK__sensor_me__failu__32AB8735', 'constrained_columns': ['failure_mode_id'], 'referred_schema': None, 'referred_table': 'failure_modes', 'referred_columns': ['failure_mode_id'], 'options': {}}]
2025-12-13 17:27:50,393 - DEBUG - 🔗 Added relationship: sensor_metadata.component_id -> system_configuration.component_id
2025-12-13 17:27:50,393 - DEBUG - 🔗 Added relationship: sensor_metadata.failure_mode_id -> failure_modes.failure_mode_id
2025-12-13 17:27:50,398 - DEBUG - 🔗 Foreign keys for sensor_readings: [{'name': 'FK__sensor_re__compo__3587F3E0', 'constrained_columns': ['component_id'], 'referred_schema': None, 'referred_table': 'system_configuration', 'referred_columns': ['component_id'], 'options': {}}, {'name': 'FK__sensor_re__senso__367C1819', 'constrained_columns': ['sensor_id'], 'referred_schema': None, 'referred_table': 'sensor_metadata', 'referred_columns': ['sensor_id'], 'options': {}}]
2025-12-13 17:27:50,398 - DEBUG - 🔗 Added relationship: sensor_readings.component_id -> system_configuration.component_id
2025-12-13 17:27:50,398 - DEBUG - 🔗 Added relationship: sensor_readings.sensor_id -> sensor_metadata.sensor_id
2025-12-13 17:27:50,403 - DEBUG - 🔗 Foreign keys for ships: []
2025-12-13 17:27:50,408 - DEBUG - 🔗 Foreign keys for system_configuration: [{'name': 'FK__system_co__depar__4BAC3F29', 'constrained_columns': ['department_id'], 'referred_schema': None, 'referred_table': 'departments', 'referred_columns': ['department_id'], 'options': {}}, {'name': 'FK__system_co__paren__4CA06362', 'constrained_columns': ['parent_id'], 'referred_schema': None, 'referred_table': 'system_configuration', 'referred_columns': ['component_id'], 'options': {}}, {'name': 'FK__system_co__ship___3864608B', 'constrained_columns': ['ship_id'], 'referred_schema': None, 'referred_table': 'ships', 'referred_columns': ['ship_id'], 'options': {}}, {'name': 'FK__system_co__syste__47A6A41B', 'constrained_columns': ['system_id'], 'referred_schema': None, 'referred_table': 'systems', 'referred_columns': ['system_id'], 'options': {}}]
2025-12-13 17:27:50,408 - DEBUG - 🔗 Added relationship: system_configuration.department_id -> departments.department_id
2025-12-13 17:27:50,408 - DEBUG - 🔗 Added relationship: system_configuration.parent_id -> system_configuration.component_id
2025-12-13 17:27:50,408 - DEBUG - 🔗 Added relationship: system_configuration.ship_id -> ships.ship_id
2025-12-13 17:27:50,408 - DEBUG - 🔗 Added relationship: system_configuration.system_id -> systems.system_id
2025-12-13 17:27:50,413 - DEBUG - 🔗 Foreign keys for systems: []
2025-12-13 17:27:50,417 - DEBUG - 🔗 Foreign keys for users: []
2025-12-13 17:27:50,417 - INFO - ✅ Schema loading complete. Found 19 tables and 20 relationships
2025-12-13 17:27:50,417 - DEBUG - 🔍 Relationship Details:
2025-12-13 17:27:50,417 - DEBUG -   ('alphabeta', 'system_configuration') -> ('alphabeta.component_id', 'system_configuration.component_id')
2025-12-13 17:27:50,418 - DEBUG -   ('departments', 'ships') -> ('departments.ship_id', 'ships.ship_id')
2025-12-13 17:27:50,418 - DEBUG -   ('etabeta', 'system_configuration') -> ('etabeta.component_id', 'system_configuration.component_id')
2025-12-13 17:27:50,418 - DEBUG -   ('etl_audit_log', 'system_configuration') -> ('etl_audit_log.component_id', 'system_configuration.component_id')
2025-12-13 17:27:50,418 - DEBUG -   ('etl_schedule', 'system_configuration') -> ('etl_schedule.component_id', 'system_configuration.component_id')
2025-12-13 17:27:50,418 - DEBUG -   ('failure_modes', 'system_configuration') -> ('failure_modes.component_id', 'system_configuration.component_id')
2025-12-13 17:27:50,418 - DEBUG -   ('Mission_configurations', 'ships') -> ('Mission_configurations.ship_id', 'ships.ship_id')
2025-12-13 17:27:50,418 - DEBUG -   ('monthly_utilization', 'system_configuration') -> ('monthly_utilization.component_id', 'system_configuration.component_id')
2025-12-13 17:27:50,418 - DEBUG -   ('Overhaul_metadata', 'system_configuration') -> ('Overhaul_metadata.component_id', 'system_configuration.component_id')
2025-12-13 17:27:50,418 - DEBUG -   ('Overhaul_Readings', 'system_configuration') -> ('Overhaul_Readings.component_id', 'system_configuration.component_id')
2025-12-13 17:27:50,418 - DEBUG -   ('rcm', 'system_configuration') -> ('rcm.component_id', 'system_configuration.component_id')
2025-12-13 17:27:50,418 - DEBUG -   ('refresh_tokens', 'users') -> ('refresh_tokens.user_id', 'users.id')
2025-12-13 17:27:50,418 - DEBUG -   ('sensor_metadata', 'system_configuration') -> ('sensor_metadata.component_id', 'system_configuration.component_id')
2025-12-13 17:27:50,418 - DEBUG -   ('sensor_metadata', 'failure_modes') -> ('sensor_metadata.failure_mode_id', 'failure_modes.failure_mode_id')
2025-12-13 17:27:50,418 - DEBUG -   ('sensor_readings', 'system_configuration') -> ('sensor_readings.component_id', 'system_configuration.component_id')
2025-12-13 17:27:50,418 - DEBUG -   ('sensor_readings', 'sensor_metadata') -> ('sensor_readings.sensor_id', 'sensor_metadata.sensor_id')
2025-12-13 17:27:50,418 - DEBUG -   ('system_configuration', 'departments') -> ('system_configuration.department_id', 'departments.department_id')
2025-12-13 17:27:50,418 - DEBUG -   ('system_configuration', 'system_configuration') -> ('system_configuration.parent_id', 'system_configuration.component_id')
2025-12-13 17:27:50,418 - DEBUG -   ('system_configuration', 'ships') -> ('system_configuration.ship_id', 'ships.ship_id')
2025-12-13 17:27:50,418 - DEBUG -   ('system_configuration', 'systems') -> ('system_configuration.system_id', 'systems.system_id')
2025-12-13 17:28:06,914 - INFO - Database engine created with pool_size=10
2025-12-13 17:28:06,915 - DEBUG - Starting _get_hierarchical_ship_data_sync
2025-12-13 17:28:06,916 - DEBUG - Executing SQLModel query for hierarchical ship data
2025-12-13 17:28:07,082 - INFO - SQLModel query returned 58 rows
2025-12-13 17:28:07,082 - DEBUG - First row sample: (UUID('f1250bac-b929-4620-9541-93cf0e612e34'), 'EX - MAGAR', 'Western Naval Command', UUID('591ba5ad-43c6-478c-aa4c-05edb9e61f2e'), 'REF PLANT (5F-20) MAGAR', 'REFRIGERATION PLANT (STBD)', UUID('a2b3e95b-c3b8-43ce-af79-eb445794f7ab'), <SystemType.FIRING: 'firing'>)
2025-12-13 17:28:07,082 - DEBUG - Starting to process and group results
2025-12-13 17:28:07,082 - DEBUG - Initializing new ship: EX - MAGAR (ID: f1250bac-b929-4620-9541-93cf0e612e34, Command: Western Naval Command)
2025-12-13 17:28:07,082 - DEBUG - Creating new command group: Western Naval Command
2025-12-13 17:28:07,082 - DEBUG - Creating new equipment group 'Firing' for ship EX - MAGAR
2025-12-13 17:28:07,082 - DEBUG - Creating new equipment group 'Power Generation' for ship EX - MAGAR
2025-12-13 17:28:07,083 - DEBUG - Creating new equipment group 'Propulsion' for ship EX - MAGAR
2025-12-13 17:28:07,083 - DEBUG - Creating new equipment group 'Support' for ship EX - MAGAR
2025-12-13 17:28:07,083 - DEBUG - Initializing new ship: INS ONE (ID: 33f13701-849f-4030-8d71-a0f65eac992e, Command: Western Naval Command)
2025-12-13 17:28:07,083 - DEBUG - Creating new equipment group 'Firing' for ship INS ONE
2025-12-13 17:28:07,083 - DEBUG - Creating new equipment group 'Power Generation' for ship INS ONE
2025-12-13 17:28:07,083 - DEBUG - Creating new equipment group 'Propulsion' for ship INS ONE
2025-12-13 17:28:07,083 - DEBUG - Creating new equipment group 'Support' for ship INS ONE
2025-12-13 17:28:07,083 - DEBUG - Initializing new ship: INS THREE (ID: 53f13701-849f-4030-8d71-a0f65eac992e, Command: Western Naval Command)
2025-12-13 17:28:07,083 - DEBUG - Creating new equipment group 'Firing' for ship INS THREE
2025-12-13 17:28:07,083 - DEBUG - Creating new equipment group 'Power Generation' for ship INS THREE
2025-12-13 17:28:07,083 - DEBUG - Creating new equipment group 'Propulsion' for ship INS THREE
2025-12-13 17:28:07,083 - DEBUG - Creating new equipment group 'Support' for ship INS THREE
2025-12-13 17:28:07,083 - DEBUG - Initializing new ship: INS TWO (ID: fdc1f9a0-d380-42bb-9ee5-7990a46ddff5, Command: Western Naval Command)
2025-12-13 17:28:07,083 - DEBUG - Creating new equipment group 'Firing' for ship INS TWO
2025-12-13 17:28:07,083 - DEBUG - Creating new equipment group 'Power Generation' for ship INS TWO
2025-12-13 17:28:07,083 - DEBUG - Creating new equipment group 'Propulsion' for ship INS TWO
2025-12-13 17:28:07,083 - DEBUG - Creating new equipment group 'Support' for ship INS TWO
2025-12-13 17:28:07,083 - INFO - Processed 4 unique ships into 1 command groups
2025-12-13 17:28:07,083 - DEBUG - Converting to final data structure
2025-12-13 17:28:07,083 - DEBUG - Ship f1250bac-b929-4620-9541-93cf0e612e34: 4 equipment groups, 10 total items
2025-12-13 17:28:07,083 - DEBUG - Ship 33f13701-849f-4030-8d71-a0f65eac992e: 4 equipment groups, 16 total items
2025-12-13 17:28:07,084 - DEBUG - Ship 53f13701-849f-4030-8d71-a0f65eac992e: 4 equipment groups, 16 total items
2025-12-13 17:28:07,084 - DEBUG - Ship fdc1f9a0-d380-42bb-9ee5-7990a46ddff5: 4 equipment groups, 16 total items
2025-12-13 17:28:07,084 - INFO - Final data structure: 1 command groups, 4 total ships
2025-12-13 17:28:07,084 - DEBUG - Command groups: ['Western Naval Command']
2025-12-13 17:28:07,084 - INFO - Successfully retrieved hierarchical ship data
2025-12-13 17:36:24,900 - DEBUG - Starting _get_hierarchical_ship_data_sync
2025-12-13 17:36:24,901 - DEBUG - Executing SQLModel query for hierarchical ship data
2025-12-13 17:36:25,001 - INFO - SQLModel query returned 58 rows
2025-12-13 17:36:25,001 - DEBUG - First row sample: (UUID('f1250bac-b929-4620-9541-93cf0e612e34'), 'EX - MAGAR', 'Western Naval Command', UUID('591ba5ad-43c6-478c-aa4c-05edb9e61f2e'), 'REF PLANT (5F-20) MAGAR', 'REFRIGERATION PLANT (STBD)', UUID('a2b3e95b-c3b8-43ce-af79-eb445794f7ab'), <SystemType.FIRING: 'firing'>)
2025-12-13 17:36:25,002 - DEBUG - Starting to process and group results
2025-12-13 17:36:25,002 - DEBUG - Initializing new ship: EX - MAGAR (ID: f1250bac-b929-4620-9541-93cf0e612e34, Command: Western Naval Command)
2025-12-13 17:36:25,002 - DEBUG - Creating new command group: Western Naval Command
2025-12-13 17:36:25,002 - DEBUG - Creating new equipment group 'Firing' for ship EX - MAGAR
2025-12-13 17:36:25,002 - DEBUG - Creating new equipment group 'Power Generation' for ship EX - MAGAR
2025-12-13 17:36:25,002 - DEBUG - Creating new equipment group 'Propulsion' for ship EX - MAGAR
2025-12-13 17:36:25,002 - DEBUG - Creating new equipment group 'Support' for ship EX - MAGAR
2025-12-13 17:36:25,002 - DEBUG - Initializing new ship: INS ONE (ID: 33f13701-849f-4030-8d71-a0f65eac992e, Command: Western Naval Command)
2025-12-13 17:36:25,002 - DEBUG - Creating new equipment group 'Firing' for ship INS ONE
2025-12-13 17:36:25,002 - DEBUG - Creating new equipment group 'Power Generation' for ship INS ONE
2025-12-13 17:36:25,002 - DEBUG - Creating new equipment group 'Propulsion' for ship INS ONE
2025-12-13 17:36:25,002 - DEBUG - Creating new equipment group 'Support' for ship INS ONE
2025-12-13 17:36:25,002 - DEBUG - Initializing new ship: INS THREE (ID: 53f13701-849f-4030-8d71-a0f65eac992e, Command: Western Naval Command)
2025-12-13 17:36:25,002 - DEBUG - Creating new equipment group 'Firing' for ship INS THREE
2025-12-13 17:36:25,002 - DEBUG - Creating new equipment group 'Power Generation' for ship INS THREE
2025-12-13 17:36:25,002 - DEBUG - Creating new equipment group 'Propulsion' for ship INS THREE
2025-12-13 17:36:25,002 - DEBUG - Creating new equipment group 'Support' for ship INS THREE
2025-12-13 17:36:25,002 - DEBUG - Initializing new ship: INS TWO (ID: fdc1f9a0-d380-42bb-9ee5-7990a46ddff5, Command: Western Naval Command)
2025-12-13 17:36:25,002 - DEBUG - Creating new equipment group 'Firing' for ship INS TWO
2025-12-13 17:36:25,002 - DEBUG - Creating new equipment group 'Power Generation' for ship INS TWO
2025-12-13 17:36:25,003 - DEBUG - Creating new equipment group 'Propulsion' for ship INS TWO
2025-12-13 17:36:25,003 - DEBUG - Creating new equipment group 'Support' for ship INS TWO
2025-12-13 17:36:25,003 - INFO - Processed 4 unique ships into 1 command groups
2025-12-13 17:36:25,003 - DEBUG - Converting to final data structure
2025-12-13 17:36:25,003 - DEBUG - Ship f1250bac-b929-4620-9541-93cf0e612e34: 4 equipment groups, 10 total items
2025-12-13 17:36:25,003 - DEBUG - Ship 33f13701-849f-4030-8d71-a0f65eac992e: 4 equipment groups, 16 total items
2025-12-13 17:36:25,003 - DEBUG - Ship 53f13701-849f-4030-8d71-a0f65eac992e: 4 equipment groups, 16 total items
2025-12-13 17:36:25,003 - DEBUG - Ship fdc1f9a0-d380-42bb-9ee5-7990a46ddff5: 4 equipment groups, 16 total items
2025-12-13 17:36:25,003 - INFO - Final data structure: 1 command groups, 4 total ships
2025-12-13 17:36:25,003 - DEBUG - Command groups: ['Western Naval Command']
2025-12-13 17:36:25,031 - INFO - Successfully retrieved hierarchical ship data
2025-12-13 17:36:31,139 - DEBUG - Starting _get_hierarchical_ship_data_sync
2025-12-13 17:36:31,139 - DEBUG - Executing SQLModel query for hierarchical ship data
2025-12-13 17:36:31,141 - INFO - SQLModel query returned 58 rows
2025-12-13 17:36:31,142 - DEBUG - First row sample: (UUID('f1250bac-b929-4620-9541-93cf0e612e34'), 'EX - MAGAR', 'Western Naval Command', UUID('591ba5ad-43c6-478c-aa4c-05edb9e61f2e'), 'REF PLANT (5F-20) MAGAR', 'REFRIGERATION PLANT (STBD)', UUID('a2b3e95b-c3b8-43ce-af79-eb445794f7ab'), <SystemType.FIRING: 'firing'>)
2025-12-13 17:36:31,142 - DEBUG - Starting to process and group results
2025-12-13 17:36:31,142 - DEBUG - Initializing new ship: EX - MAGAR (ID: f1250bac-b929-4620-9541-93cf0e612e34, Command: Western Naval Command)
2025-12-13 17:36:31,142 - DEBUG - Creating new command group: Western Naval Command
2025-12-13 17:36:31,142 - DEBUG - Creating new equipment group 'Firing' for ship EX - MAGAR
2025-12-13 17:36:31,142 - DEBUG - Creating new equipment group 'Power Generation' for ship EX - MAGAR
2025-12-13 17:36:31,142 - DEBUG - Creating new equipment group 'Propulsion' for ship EX - MAGAR
2025-12-13 17:36:31,142 - DEBUG - Creating new equipment group 'Support' for ship EX - MAGAR
2025-12-13 17:36:31,142 - DEBUG - Initializing new ship: INS ONE (ID: 33f13701-849f-4030-8d71-a0f65eac992e, Command: Western Naval Command)
2025-12-13 17:36:31,142 - DEBUG - Creating new equipment group 'Firing' for ship INS ONE
2025-12-13 17:36:31,142 - DEBUG - Creating new equipment group 'Power Generation' for ship INS ONE
2025-12-13 17:36:31,142 - DEBUG - Creating new equipment group 'Propulsion' for ship INS ONE
2025-12-13 17:36:31,142 - DEBUG - Creating new equipment group 'Support' for ship INS ONE
2025-12-13 17:36:31,142 - DEBUG - Initializing new ship: INS THREE (ID: 53f13701-849f-4030-8d71-a0f65eac992e, Command: Western Naval Command)
2025-12-13 17:36:31,142 - DEBUG - Creating new equipment group 'Firing' for ship INS THREE
2025-12-13 17:36:31,142 - DEBUG - Creating new equipment group 'Power Generation' for ship INS THREE
2025-12-13 17:36:31,142 - DEBUG - Creating new equipment group 'Propulsion' for ship INS THREE
2025-12-13 17:36:31,142 - DEBUG - Creating new equipment group 'Support' for ship INS THREE
2025-12-13 17:36:31,142 - DEBUG - Initializing new ship: INS TWO (ID: fdc1f9a0-d380-42bb-9ee5-7990a46ddff5, Command: Western Naval Command)
2025-12-13 17:36:31,142 - DEBUG - Creating new equipment group 'Firing' for ship INS TWO
2025-12-13 17:36:31,142 - DEBUG - Creating new equipment group 'Power Generation' for ship INS TWO
2025-12-13 17:36:31,143 - DEBUG - Creating new equipment group 'Propulsion' for ship INS TWO
2025-12-13 17:36:31,143 - DEBUG - Creating new equipment group 'Support' for ship INS TWO
2025-12-13 17:36:31,143 - INFO - Processed 4 unique ships into 1 command groups
2025-12-13 17:36:31,143 - DEBUG - Converting to final data structure
2025-12-13 17:36:31,143 - DEBUG - Ship f1250bac-b929-4620-9541-93cf0e612e34: 4 equipment groups, 10 total items
2025-12-13 17:36:31,143 - DEBUG - Ship 33f13701-849f-4030-8d71-a0f65eac992e: 4 equipment groups, 16 total items
2025-12-13 17:36:31,143 - DEBUG - Ship 53f13701-849f-4030-8d71-a0f65eac992e: 4 equipment groups, 16 total items
2025-12-13 17:36:31,143 - DEBUG - Ship fdc1f9a0-d380-42bb-9ee5-7990a46ddff5: 4 equipment groups, 16 total items
2025-12-13 17:36:31,143 - INFO - Final data structure: 1 command groups, 4 total ships
2025-12-13 17:36:31,143 - DEBUG - Command groups: ['Western Naval Command']
2025-12-13 17:36:31,143 - INFO - Successfully retrieved hierarchical ship data
2025-12-13 17:36:34,735 - DEBUG - Starting _get_hierarchical_ship_data_sync
2025-12-13 17:36:34,735 - DEBUG - Executing SQLModel query for hierarchical ship data
2025-12-13 17:36:34,739 - INFO - SQLModel query returned 58 rows
2025-12-13 17:36:34,739 - DEBUG - First row sample: (UUID('f1250bac-b929-4620-9541-93cf0e612e34'), 'EX - MAGAR', 'Western Naval Command', UUID('591ba5ad-43c6-478c-aa4c-05edb9e61f2e'), 'REF PLANT (5F-20) MAGAR', 'REFRIGERATION PLANT (STBD)', UUID('a2b3e95b-c3b8-43ce-af79-eb445794f7ab'), <SystemType.FIRING: 'firing'>)
2025-12-13 17:36:34,740 - DEBUG - Starting to process and group results
2025-12-13 17:36:34,740 - DEBUG - Initializing new ship: EX - MAGAR (ID: f1250bac-b929-4620-9541-93cf0e612e34, Command: Western Naval Command)
2025-12-13 17:36:34,740 - DEBUG - Creating new command group: Western Naval Command
2025-12-13 17:36:34,740 - DEBUG - Creating new equipment group 'Firing' for ship EX - MAGAR
2025-12-13 17:36:34,740 - DEBUG - Creating new equipment group 'Power Generation' for ship EX - MAGAR
2025-12-13 17:36:34,740 - DEBUG - Creating new equipment group 'Propulsion' for ship EX - MAGAR
2025-12-13 17:36:34,740 - DEBUG - Creating new equipment group 'Support' for ship EX - MAGAR
2025-12-13 17:36:34,740 - DEBUG - Initializing new ship: INS ONE (ID: 33f13701-849f-4030-8d71-a0f65eac992e, Command: Western Naval Command)
2025-12-13 17:36:34,740 - DEBUG - Creating new equipment group 'Firing' for ship INS ONE
2025-12-13 17:36:34,740 - DEBUG - Creating new equipment group 'Power Generation' for ship INS ONE
2025-12-13 17:36:34,740 - DEBUG - Creating new equipment group 'Propulsion' for ship INS ONE
2025-12-13 17:36:34,741 - DEBUG - Creating new equipment group 'Support' for ship INS ONE
2025-12-13 17:36:34,741 - DEBUG - Initializing new ship: INS THREE (ID: 53f13701-849f-4030-8d71-a0f65eac992e, Command: Western Naval Command)
2025-12-13 17:36:34,741 - DEBUG - Creating new equipment group 'Firing' for ship INS THREE
2025-12-13 17:36:34,741 - DEBUG - Creating new equipment group 'Power Generation' for ship INS THREE
2025-12-13 17:36:34,741 - DEBUG - Creating new equipment group 'Propulsion' for ship INS THREE
2025-12-13 17:36:34,741 - DEBUG - Creating new equipment group 'Support' for ship INS THREE
2025-12-13 17:36:34,741 - DEBUG - Initializing new ship: INS TWO (ID: fdc1f9a0-d380-42bb-9ee5-7990a46ddff5, Command: Western Naval Command)
2025-12-13 17:36:34,741 - DEBUG - Creating new equipment group 'Firing' for ship INS TWO
2025-12-13 17:36:34,741 - DEBUG - Creating new equipment group 'Power Generation' for ship INS TWO
2025-12-13 17:36:34,741 - DEBUG - Creating new equipment group 'Propulsion' for ship INS TWO
2025-12-13 17:36:34,741 - DEBUG - Creating new equipment group 'Support' for ship INS TWO
2025-12-13 17:36:34,741 - INFO - Processed 4 unique ships into 1 command groups
2025-12-13 17:36:34,742 - DEBUG - Converting to final data structure
2025-12-13 17:36:34,742 - DEBUG - Ship f1250bac-b929-4620-9541-93cf0e612e34: 4 equipment groups, 10 total items
2025-12-13 17:36:34,742 - DEBUG - Ship 33f13701-849f-4030-8d71-a0f65eac992e: 4 equipment groups, 16 total items
2025-12-13 17:36:34,742 - DEBUG - Ship 53f13701-849f-4030-8d71-a0f65eac992e: 4 equipment groups, 16 total items
2025-12-13 17:36:34,742 - DEBUG - Ship fdc1f9a0-d380-42bb-9ee5-7990a46ddff5: 4 equipment groups, 16 total items
2025-12-13 17:36:34,742 - INFO - Final data structure: 1 command groups, 4 total ships
2025-12-13 17:36:34,742 - DEBUG - Command groups: ['Western Naval Command']
2025-12-13 17:36:34,743 - INFO - Successfully retrieved hierarchical ship data
2025-12-13 17:36:39,520 - DEBUG - Starting _get_hierarchical_ship_data_sync
2025-12-13 17:36:39,521 - DEBUG - Executing SQLModel query for hierarchical ship data
2025-12-13 17:36:39,523 - INFO - SQLModel query returned 58 rows
2025-12-13 17:36:39,523 - DEBUG - First row sample: (UUID('f1250bac-b929-4620-9541-93cf0e612e34'), 'EX - MAGAR', 'Western Naval Command', UUID('591ba5ad-43c6-478c-aa4c-05edb9e61f2e'), 'REF PLANT (5F-20) MAGAR', 'REFRIGERATION PLANT (STBD)', UUID('a2b3e95b-c3b8-43ce-af79-eb445794f7ab'), <SystemType.FIRING: 'firing'>)
2025-12-13 17:36:39,523 - DEBUG - Starting to process and group results
2025-12-13 17:36:39,523 - DEBUG - Initializing new ship: EX - MAGAR (ID: f1250bac-b929-4620-9541-93cf0e612e34, Command: Western Naval Command)
2025-12-13 17:36:39,523 - DEBUG - Creating new command group: Western Naval Command
2025-12-13 17:36:39,523 - DEBUG - Creating new equipment group 'Firing' for ship EX - MAGAR
2025-12-13 17:36:39,523 - DEBUG - Creating new equipment group 'Power Generation' for ship EX - MAGAR
2025-12-13 17:36:39,523 - DEBUG - Creating new equipment group 'Propulsion' for ship EX - MAGAR
2025-12-13 17:36:39,523 - DEBUG - Creating new equipment group 'Support' for ship EX - MAGAR
2025-12-13 17:36:39,524 - DEBUG - Initializing new ship: INS ONE (ID: 33f13701-849f-4030-8d71-a0f65eac992e, Command: Western Naval Command)
2025-12-13 17:36:39,524 - DEBUG - Creating new equipment group 'Firing' for ship INS ONE
2025-12-13 17:36:39,524 - DEBUG - Creating new equipment group 'Power Generation' for ship INS ONE
2025-12-13 17:36:39,524 - DEBUG - Creating new equipment group 'Propulsion' for ship INS ONE
2025-12-13 17:36:39,524 - DEBUG - Creating new equipment group 'Support' for ship INS ONE
2025-12-13 17:36:39,524 - DEBUG - Initializing new ship: INS THREE (ID: 53f13701-849f-4030-8d71-a0f65eac992e, Command: Western Naval Command)
2025-12-13 17:36:39,524 - DEBUG - Creating new equipment group 'Firing' for ship INS THREE
2025-12-13 17:36:39,524 - DEBUG - Creating new equipment group 'Power Generation' for ship INS THREE
2025-12-13 17:36:39,524 - DEBUG - Creating new equipment group 'Propulsion' for ship INS THREE
2025-12-13 17:36:39,524 - DEBUG - Creating new equipment group 'Support' for ship INS THREE
2025-12-13 17:36:39,524 - DEBUG - Initializing new ship: INS TWO (ID: fdc1f9a0-d380-42bb-9ee5-7990a46ddff5, Command: Western Naval Command)
2025-12-13 17:36:39,524 - DEBUG - Creating new equipment group 'Firing' for ship INS TWO
2025-12-13 17:36:39,525 - DEBUG - Creating new equipment group 'Power Generation' for ship INS TWO
2025-12-13 17:36:39,525 - DEBUG - Creating new equipment group 'Propulsion' for ship INS TWO
2025-12-13 17:36:39,525 - DEBUG - Creating new equipment group 'Support' for ship INS TWO
2025-12-13 17:36:39,525 - INFO - Processed 4 unique ships into 1 command groups
2025-12-13 17:36:39,525 - DEBUG - Converting to final data structure
2025-12-13 17:36:39,525 - DEBUG - Ship f1250bac-b929-4620-9541-93cf0e612e34: 4 equipment groups, 10 total items
2025-12-13 17:36:39,525 - DEBUG - Ship 33f13701-849f-4030-8d71-a0f65eac992e: 4 equipment groups, 16 total items
2025-12-13 17:36:39,525 - DEBUG - Ship 53f13701-849f-4030-8d71-a0f65eac992e: 4 equipment groups, 16 total items
2025-12-13 17:36:39,525 - DEBUG - Ship fdc1f9a0-d380-42bb-9ee5-7990a46ddff5: 4 equipment groups, 16 total items
2025-12-13 17:36:39,525 - INFO - Final data structure: 1 command groups, 4 total ships
2025-12-13 17:36:39,525 - DEBUG - Command groups: ['Western Naval Command']
2025-12-13 17:36:39,526 - INFO - Successfully retrieved hierarchical ship data
2025-12-13 17:36:45,153 - DEBUG - Starting _get_hierarchical_ship_data_sync
2025-12-13 17:36:45,154 - DEBUG - Executing SQLModel query for hierarchical ship data
2025-12-13 17:36:45,156 - INFO - SQLModel query returned 58 rows
2025-12-13 17:36:45,157 - DEBUG - First row sample: (UUID('f1250bac-b929-4620-9541-93cf0e612e34'), 'EX - MAGAR', 'Western Naval Command', UUID('591ba5ad-43c6-478c-aa4c-05edb9e61f2e'), 'REF PLANT (5F-20) MAGAR', 'REFRIGERATION PLANT (STBD)', UUID('a2b3e95b-c3b8-43ce-af79-eb445794f7ab'), <SystemType.FIRING: 'firing'>)
2025-12-13 17:36:45,157 - DEBUG - Starting to process and group results
2025-12-13 17:36:45,157 - DEBUG - Initializing new ship: EX - MAGAR (ID: f1250bac-b929-4620-9541-93cf0e612e34, Command: Western Naval Command)
2025-12-13 17:36:45,157 - DEBUG - Creating new command group: Western Naval Command
2025-12-13 17:36:45,157 - DEBUG - Creating new equipment group 'Firing' for ship EX - MAGAR
2025-12-13 17:36:45,157 - DEBUG - Creating new equipment group 'Power Generation' for ship EX - MAGAR
2025-12-13 17:36:45,157 - DEBUG - Creating new equipment group 'Propulsion' for ship EX - MAGAR
2025-12-13 17:36:45,157 - DEBUG - Creating new equipment group 'Support' for ship EX - MAGAR
2025-12-13 17:36:45,157 - DEBUG - Initializing new ship: INS ONE (ID: 33f13701-849f-4030-8d71-a0f65eac992e, Command: Western Naval Command)
2025-12-13 17:36:45,157 - DEBUG - Creating new equipment group 'Firing' for ship INS ONE
2025-12-13 17:36:45,157 - DEBUG - Creating new equipment group 'Power Generation' for ship INS ONE
2025-12-13 17:36:45,157 - DEBUG - Creating new equipment group 'Propulsion' for ship INS ONE
2025-12-13 17:36:45,157 - DEBUG - Creating new equipment group 'Support' for ship INS ONE
2025-12-13 17:36:45,157 - DEBUG - Initializing new ship: INS THREE (ID: 53f13701-849f-4030-8d71-a0f65eac992e, Command: Western Naval Command)
2025-12-13 17:36:45,157 - DEBUG - Creating new equipment group 'Firing' for ship INS THREE
2025-12-13 17:36:45,157 - DEBUG - Creating new equipment group 'Power Generation' for ship INS THREE
2025-12-13 17:36:45,157 - DEBUG - Creating new equipment group 'Propulsion' for ship INS THREE
2025-12-13 17:36:45,157 - DEBUG - Creating new equipment group 'Support' for ship INS THREE
2025-12-13 17:36:45,157 - DEBUG - Initializing new ship: INS TWO (ID: fdc1f9a0-d380-42bb-9ee5-7990a46ddff5, Command: Western Naval Command)
2025-12-13 17:36:45,158 - DEBUG - Creating new equipment group 'Firing' for ship INS TWO
2025-12-13 17:36:45,158 - DEBUG - Creating new equipment group 'Power Generation' for ship INS TWO
2025-12-13 17:36:45,158 - DEBUG - Creating new equipment group 'Propulsion' for ship INS TWO
2025-12-13 17:36:45,158 - DEBUG - Creating new equipment group 'Support' for ship INS TWO
2025-12-13 17:36:45,158 - INFO - Processed 4 unique ships into 1 command groups
2025-12-13 17:36:45,158 - DEBUG - Converting to final data structure
2025-12-13 17:36:45,158 - DEBUG - Ship f1250bac-b929-4620-9541-93cf0e612e34: 4 equipment groups, 10 total items
2025-12-13 17:36:45,158 - DEBUG - Ship 33f13701-849f-4030-8d71-a0f65eac992e: 4 equipment groups, 16 total items
2025-12-13 17:36:45,158 - DEBUG - Ship 53f13701-849f-4030-8d71-a0f65eac992e: 4 equipment groups, 16 total items
2025-12-13 17:36:45,158 - DEBUG - Ship fdc1f9a0-d380-42bb-9ee5-7990a46ddff5: 4 equipment groups, 16 total items
2025-12-13 17:36:45,158 - INFO - Final data structure: 1 command groups, 4 total ships
2025-12-13 17:36:45,158 - DEBUG - Command groups: ['Western Naval Command']
2025-12-13 17:36:45,158 - INFO - Successfully retrieved hierarchical ship data
2025-12-13 17:36:45,627 - DEBUG - Starting _get_hierarchical_ship_data_sync
2025-12-13 17:36:45,628 - DEBUG - Executing SQLModel query for hierarchical ship data
2025-12-13 17:36:45,630 - INFO - SQLModel query returned 58 rows
2025-12-13 17:36:45,630 - DEBUG - First row sample: (UUID('f1250bac-b929-4620-9541-93cf0e612e34'), 'EX - MAGAR', 'Western Naval Command', UUID('591ba5ad-43c6-478c-aa4c-05edb9e61f2e'), 'REF PLANT (5F-20) MAGAR', 'REFRIGERATION PLANT (STBD)', UUID('a2b3e95b-c3b8-43ce-af79-eb445794f7ab'), <SystemType.FIRING: 'firing'>)
2025-12-13 17:36:45,630 - DEBUG - Starting to process and group results
2025-12-13 17:36:45,630 - DEBUG - Initializing new ship: EX - MAGAR (ID: f1250bac-b929-4620-9541-93cf0e612e34, Command: Western Naval Command)
2025-12-13 17:36:45,630 - DEBUG - Creating new command group: Western Naval Command
2025-12-13 17:36:45,630 - DEBUG - Creating new equipment group 'Firing' for ship EX - MAGAR
2025-12-13 17:36:45,631 - DEBUG - Creating new equipment group 'Power Generation' for ship EX - MAGAR
2025-12-13 17:36:45,631 - DEBUG - Creating new equipment group 'Propulsion' for ship EX - MAGAR
2025-12-13 17:36:45,631 - DEBUG - Creating new equipment group 'Support' for ship EX - MAGAR
2025-12-13 17:36:45,631 - DEBUG - Initializing new ship: INS ONE (ID: 33f13701-849f-4030-8d71-a0f65eac992e, Command: Western Naval Command)
2025-12-13 17:36:45,631 - DEBUG - Creating new equipment group 'Firing' for ship INS ONE
2025-12-13 17:36:45,631 - DEBUG - Creating new equipment group 'Power Generation' for ship INS ONE
2025-12-13 17:36:45,631 - DEBUG - Creating new equipment group 'Propulsion' for ship INS ONE
2025-12-13 17:36:45,631 - DEBUG - Creating new equipment group 'Support' for ship INS ONE
2025-12-13 17:36:45,631 - DEBUG - Initializing new ship: INS THREE (ID: 53f13701-849f-4030-8d71-a0f65eac992e, Command: Western Naval Command)
2025-12-13 17:36:45,631 - DEBUG - Creating new equipment group 'Firing' for ship INS THREE
2025-12-13 17:36:45,631 - DEBUG - Creating new equipment group 'Power Generation' for ship INS THREE
2025-12-13 17:36:45,631 - DEBUG - Creating new equipment group 'Propulsion' for ship INS THREE
2025-12-13 17:36:45,631 - DEBUG - Creating new equipment group 'Support' for ship INS THREE
2025-12-13 17:36:45,631 - DEBUG - Initializing new ship: INS TWO (ID: fdc1f9a0-d380-42bb-9ee5-7990a46ddff5, Command: Western Naval Command)
2025-12-13 17:36:45,631 - DEBUG - Creating new equipment group 'Firing' for ship INS TWO
2025-12-13 17:36:45,631 - DEBUG - Creating new equipment group 'Power Generation' for ship INS TWO
2025-12-13 17:36:45,631 - DEBUG - Creating new equipment group 'Propulsion' for ship INS TWO
2025-12-13 17:36:45,631 - DEBUG - Creating new equipment group 'Support' for ship INS TWO
2025-12-13 17:36:45,631 - INFO - Processed 4 unique ships into 1 command groups
2025-12-13 17:36:45,632 - DEBUG - Converting to final data structure
2025-12-13 17:36:45,632 - DEBUG - Ship f1250bac-b929-4620-9541-93cf0e612e34: 4 equipment groups, 10 total items
2025-12-13 17:36:45,632 - DEBUG - Ship 33f13701-849f-4030-8d71-a0f65eac992e: 4 equipment groups, 16 total items
2025-12-13 17:36:45,632 - DEBUG - Ship 53f13701-849f-4030-8d71-a0f65eac992e: 4 equipment groups, 16 total items
2025-12-13 17:36:45,632 - DEBUG - Ship fdc1f9a0-d380-42bb-9ee5-7990a46ddff5: 4 equipment groups, 16 total items
2025-12-13 17:36:45,632 - INFO - Final data structure: 1 command groups, 4 total ships
2025-12-13 17:36:45,632 - DEBUG - Command groups: ['Western Naval Command']
2025-12-13 17:36:45,632 - INFO - Successfully retrieved hierarchical ship data
2025-12-13 17:36:47,986 - DEBUG - Starting _get_hierarchical_ship_data_sync
2025-12-13 17:36:47,987 - DEBUG - Executing SQLModel query for hierarchical ship data
2025-12-13 17:36:47,989 - INFO - SQLModel query returned 58 rows
2025-12-13 17:36:47,989 - DEBUG - First row sample: (UUID('f1250bac-b929-4620-9541-93cf0e612e34'), 'EX - MAGAR', 'Western Naval Command', UUID('591ba5ad-43c6-478c-aa4c-05edb9e61f2e'), 'REF PLANT (5F-20) MAGAR', 'REFRIGERATION PLANT (STBD)', UUID('a2b3e95b-c3b8-43ce-af79-eb445794f7ab'), <SystemType.FIRING: 'firing'>)
2025-12-13 17:36:47,989 - DEBUG - Starting to process and group results
2025-12-13 17:36:47,989 - DEBUG - Initializing new ship: EX - MAGAR (ID: f1250bac-b929-4620-9541-93cf0e612e34, Command: Western Naval Command)
2025-12-13 17:36:47,989 - DEBUG - Creating new command group: Western Naval Command
2025-12-13 17:36:47,989 - DEBUG - Creating new equipment group 'Firing' for ship EX - MAGAR
2025-12-13 17:36:47,989 - DEBUG - Creating new equipment group 'Power Generation' for ship EX - MAGAR
2025-12-13 17:36:47,989 - DEBUG - Creating new equipment group 'Propulsion' for ship EX - MAGAR
2025-12-13 17:36:47,989 - DEBUG - Creating new equipment group 'Support' for ship EX - MAGAR
2025-12-13 17:36:47,990 - DEBUG - Initializing new ship: INS ONE (ID: 33f13701-849f-4030-8d71-a0f65eac992e, Command: Western Naval Command)
2025-12-13 17:36:47,990 - DEBUG - Creating new equipment group 'Firing' for ship INS ONE
2025-12-13 17:36:47,990 - DEBUG - Creating new equipment group 'Power Generation' for ship INS ONE
2025-12-13 17:36:47,990 - DEBUG - Creating new equipment group 'Propulsion' for ship INS ONE
2025-12-13 17:36:47,990 - DEBUG - Creating new equipment group 'Support' for ship INS ONE
2025-12-13 17:36:47,990 - DEBUG - Initializing new ship: INS THREE (ID: 53f13701-849f-4030-8d71-a0f65eac992e, Command: Western Naval Command)
2025-12-13 17:36:47,990 - DEBUG - Creating new equipment group 'Firing' for ship INS THREE
2025-12-13 17:36:47,990 - DEBUG - Creating new equipment group 'Power Generation' for ship INS THREE
2025-12-13 17:36:47,990 - DEBUG - Creating new equipment group 'Propulsion' for ship INS THREE
2025-12-13 17:36:47,990 - DEBUG - Creating new equipment group 'Support' for ship INS THREE
2025-12-13 17:36:47,990 - DEBUG - Initializing new ship: INS TWO (ID: fdc1f9a0-d380-42bb-9ee5-7990a46ddff5, Command: Western Naval Command)
2025-12-13 17:36:47,990 - DEBUG - Creating new equipment group 'Firing' for ship INS TWO
2025-12-13 17:36:47,991 - DEBUG - Creating new equipment group 'Power Generation' for ship INS TWO
2025-12-13 17:36:47,991 - DEBUG - Creating new equipment group 'Propulsion' for ship INS TWO
2025-12-13 17:36:47,991 - DEBUG - Creating new equipment group 'Support' for ship INS TWO
2025-12-13 17:36:47,991 - INFO - Processed 4 unique ships into 1 command groups
2025-12-13 17:36:47,991 - DEBUG - Converting to final data structure
2025-12-13 17:36:47,991 - DEBUG - Ship f1250bac-b929-4620-9541-93cf0e612e34: 4 equipment groups, 10 total items
2025-12-13 17:36:47,991 - DEBUG - Ship 33f13701-849f-4030-8d71-a0f65eac992e: 4 equipment groups, 16 total items
2025-12-13 17:36:47,991 - DEBUG - Ship 53f13701-849f-4030-8d71-a0f65eac992e: 4 equipment groups, 16 total items
2025-12-13 17:36:47,991 - DEBUG - Ship fdc1f9a0-d380-42bb-9ee5-7990a46ddff5: 4 equipment groups, 16 total items
2025-12-13 17:36:47,991 - INFO - Final data structure: 1 command groups, 4 total ships
2025-12-13 17:36:47,991 - DEBUG - Command groups: ['Western Naval Command']
2025-12-13 17:36:47,992 - INFO - Successfully retrieved hierarchical ship data
2025-12-13 17:36:51,015 - DEBUG - Starting _get_hierarchical_ship_data_sync
2025-12-13 17:36:51,015 - DEBUG - Executing SQLModel query for hierarchical ship data
2025-12-13 17:36:51,017 - INFO - SQLModel query returned 58 rows
2025-12-13 17:36:51,018 - DEBUG - First row sample: (UUID('f1250bac-b929-4620-9541-93cf0e612e34'), 'EX - MAGAR', 'Western Naval Command', UUID('591ba5ad-43c6-478c-aa4c-05edb9e61f2e'), 'REF PLANT (5F-20) MAGAR', 'REFRIGERATION PLANT (STBD)', UUID('a2b3e95b-c3b8-43ce-af79-eb445794f7ab'), <SystemType.FIRING: 'firing'>)
2025-12-13 17:36:51,018 - DEBUG - Starting to process and group results
2025-12-13 17:36:51,018 - DEBUG - Initializing new ship: EX - MAGAR (ID: f1250bac-b929-4620-9541-93cf0e612e34, Command: Western Naval Command)
2025-12-13 17:36:51,018 - DEBUG - Creating new command group: Western Naval Command
2025-12-13 17:36:51,018 - DEBUG - Creating new equipment group 'Firing' for ship EX - MAGAR
2025-12-13 17:36:51,018 - DEBUG - Creating new equipment group 'Power Generation' for ship EX - MAGAR
2025-12-13 17:36:51,018 - DEBUG - Creating new equipment group 'Propulsion' for ship EX - MAGAR
2025-12-13 17:36:51,018 - DEBUG - Creating new equipment group 'Support' for ship EX - MAGAR
2025-12-13 17:36:51,018 - DEBUG - Initializing new ship: INS ONE (ID: 33f13701-849f-4030-8d71-a0f65eac992e, Command: Western Naval Command)
2025-12-13 17:36:51,018 - DEBUG - Creating new equipment group 'Firing' for ship INS ONE
2025-12-13 17:36:51,018 - DEBUG - Creating new equipment group 'Power Generation' for ship INS ONE
2025-12-13 17:36:51,018 - DEBUG - Creating new equipment group 'Propulsion' for ship INS ONE
2025-12-13 17:36:51,018 - DEBUG - Creating new equipment group 'Support' for ship INS ONE
2025-12-13 17:36:51,018 - DEBUG - Initializing new ship: INS THREE (ID: 53f13701-849f-4030-8d71-a0f65eac992e, Command: Western Naval Command)
2025-12-13 17:36:51,018 - DEBUG - Creating new equipment group 'Firing' for ship INS THREE
2025-12-13 17:36:51,018 - DEBUG - Creating new equipment group 'Power Generation' for ship INS THREE
2025-12-13 17:36:51,018 - DEBUG - Creating new equipment group 'Propulsion' for ship INS THREE
2025-12-13 17:36:51,018 - DEBUG - Creating new equipment group 'Support' for ship INS THREE
2025-12-13 17:36:51,019 - DEBUG - Initializing new ship: INS TWO (ID: fdc1f9a0-d380-42bb-9ee5-7990a46ddff5, Command: Western Naval Command)
2025-12-13 17:36:51,019 - DEBUG - Creating new equipment group 'Firing' for ship INS TWO
2025-12-13 17:36:51,019 - DEBUG - Creating new equipment group 'Power Generation' for ship INS TWO
2025-12-13 17:36:51,019 - DEBUG - Creating new equipment group 'Propulsion' for ship INS TWO
2025-12-13 17:36:51,019 - DEBUG - Creating new equipment group 'Support' for ship INS TWO
2025-12-13 17:36:51,019 - INFO - Processed 4 unique ships into 1 command groups
2025-12-13 17:36:51,019 - DEBUG - Converting to final data structure
2025-12-13 17:36:51,019 - DEBUG - Ship f1250bac-b929-4620-9541-93cf0e612e34: 4 equipment groups, 10 total items
2025-12-13 17:36:51,019 - DEBUG - Ship 33f13701-849f-4030-8d71-a0f65eac992e: 4 equipment groups, 16 total items
2025-12-13 17:36:51,019 - DEBUG - Ship 53f13701-849f-4030-8d71-a0f65eac992e: 4 equipment groups, 16 total items
2025-12-13 17:36:51,019 - DEBUG - Ship fdc1f9a0-d380-42bb-9ee5-7990a46ddff5: 4 equipment groups, 16 total items
2025-12-13 17:36:51,019 - INFO - Final data structure: 1 command groups, 4 total ships
2025-12-13 17:36:51,019 - DEBUG - Command groups: ['Western Naval Command']
2025-12-13 17:36:51,021 - INFO - Successfully retrieved hierarchical ship data
2025-12-13 17:36:51,503 - DEBUG - Starting _get_hierarchical_ship_data_sync
2025-12-13 17:36:51,504 - DEBUG - Executing SQLModel query for hierarchical ship data
2025-12-13 17:36:51,506 - INFO - SQLModel query returned 58 rows
2025-12-13 17:36:51,506 - DEBUG - First row sample: (UUID('f1250bac-b929-4620-9541-93cf0e612e34'), 'EX - MAGAR', 'Western Naval Command', UUID('591ba5ad-43c6-478c-aa4c-05edb9e61f2e'), 'REF PLANT (5F-20) MAGAR', 'REFRIGERATION PLANT (STBD)', UUID('a2b3e95b-c3b8-43ce-af79-eb445794f7ab'), <SystemType.FIRING: 'firing'>)
2025-12-13 17:36:51,506 - DEBUG - Starting to process and group results
2025-12-13 17:36:51,506 - DEBUG - Initializing new ship: EX - MAGAR (ID: f1250bac-b929-4620-9541-93cf0e612e34, Command: Western Naval Command)
2025-12-13 17:36:51,506 - DEBUG - Creating new command group: Western Naval Command
2025-12-13 17:36:51,506 - DEBUG - Creating new equipment group 'Firing' for ship EX - MAGAR
2025-12-13 17:36:51,506 - DEBUG - Creating new equipment group 'Power Generation' for ship EX - MAGAR
2025-12-13 17:36:51,506 - DEBUG - Creating new equipment group 'Propulsion' for ship EX - MAGAR
2025-12-13 17:36:51,506 - DEBUG - Creating new equipment group 'Support' for ship EX - MAGAR
2025-12-13 17:36:51,506 - DEBUG - Initializing new ship: INS ONE (ID: 33f13701-849f-4030-8d71-a0f65eac992e, Command: Western Naval Command)
2025-12-13 17:36:51,506 - DEBUG - Creating new equipment group 'Firing' for ship INS ONE
2025-12-13 17:36:51,506 - DEBUG - Creating new equipment group 'Power Generation' for ship INS ONE
2025-12-13 17:36:51,507 - DEBUG - Creating new equipment group 'Propulsion' for ship INS ONE
2025-12-13 17:36:51,507 - DEBUG - Creating new equipment group 'Support' for ship INS ONE
2025-12-13 17:36:51,507 - DEBUG - Initializing new ship: INS THREE (ID: 53f13701-849f-4030-8d71-a0f65eac992e, Command: Western Naval Command)
2025-12-13 17:36:51,507 - DEBUG - Creating new equipment group 'Firing' for ship INS THREE
2025-12-13 17:36:51,507 - DEBUG - Creating new equipment group 'Power Generation' for ship INS THREE
2025-12-13 17:36:51,507 - DEBUG - Creating new equipment group 'Propulsion' for ship INS THREE
2025-12-13 17:36:51,507 - DEBUG - Creating new equipment group 'Support' for ship INS THREE
2025-12-13 17:36:51,507 - DEBUG - Initializing new ship: INS TWO (ID: fdc1f9a0-d380-42bb-9ee5-7990a46ddff5, Command: Western Naval Command)
2025-12-13 17:36:51,507 - DEBUG - Creating new equipment group 'Firing' for ship INS TWO
2025-12-13 17:36:51,507 - DEBUG - Creating new equipment group 'Power Generation' for ship INS TWO
2025-12-13 17:36:51,507 - DEBUG - Creating new equipment group 'Propulsion' for ship INS TWO
2025-12-13 17:36:51,507 - DEBUG - Creating new equipment group 'Support' for ship INS TWO
2025-12-13 17:36:51,507 - INFO - Processed 4 unique ships into 1 command groups
2025-12-13 17:36:51,507 - DEBUG - Converting to final data structure
2025-12-13 17:36:51,507 - DEBUG - Ship f1250bac-b929-4620-9541-93cf0e612e34: 4 equipment groups, 10 total items
2025-12-13 17:36:51,507 - DEBUG - Ship 33f13701-849f-4030-8d71-a0f65eac992e: 4 equipment groups, 16 total items
2025-12-13 17:36:51,507 - DEBUG - Ship 53f13701-849f-4030-8d71-a0f65eac992e: 4 equipment groups, 16 total items
2025-12-13 17:36:51,507 - DEBUG - Ship fdc1f9a0-d380-42bb-9ee5-7990a46ddff5: 4 equipment groups, 16 total items
2025-12-13 17:36:51,507 - INFO - Final data structure: 1 command groups, 4 total ships
2025-12-13 17:36:51,507 - DEBUG - Command groups: ['Western Naval Command']
2025-12-13 17:36:51,508 - INFO - Successfully retrieved hierarchical ship data
2025-12-13 17:37:25,126 - DEBUG - Starting _get_hierarchical_ship_data_sync
2025-12-13 17:37:25,127 - DEBUG - Executing SQLModel query for hierarchical ship data
2025-12-13 17:37:25,129 - INFO - SQLModel query returned 58 rows
2025-12-13 17:37:25,129 - DEBUG - First row sample: (UUID('f1250bac-b929-4620-9541-93cf0e612e34'), 'EX - MAGAR', 'Western Naval Command', UUID('591ba5ad-43c6-478c-aa4c-05edb9e61f2e'), 'REF PLANT (5F-20) MAGAR', 'REFRIGERATION PLANT (STBD)', UUID('a2b3e95b-c3b8-43ce-af79-eb445794f7ab'), <SystemType.FIRING: 'firing'>)
2025-12-13 17:37:25,129 - DEBUG - Starting to process and group results
2025-12-13 17:37:25,129 - DEBUG - Initializing new ship: EX - MAGAR (ID: f1250bac-b929-4620-9541-93cf0e612e34, Command: Western Naval Command)
2025-12-13 17:37:25,130 - DEBUG - Creating new command group: Western Naval Command
2025-12-13 17:37:25,130 - DEBUG - Creating new equipment group 'Firing' for ship EX - MAGAR
2025-12-13 17:37:25,130 - DEBUG - Creating new equipment group 'Power Generation' for ship EX - MAGAR
2025-12-13 17:37:25,130 - DEBUG - Creating new equipment group 'Propulsion' for ship EX - MAGAR
2025-12-13 17:37:25,130 - DEBUG - Creating new equipment group 'Support' for ship EX - MAGAR
2025-12-13 17:37:25,130 - DEBUG - Initializing new ship: INS ONE (ID: 33f13701-849f-4030-8d71-a0f65eac992e, Command: Western Naval Command)
2025-12-13 17:37:25,130 - DEBUG - Creating new equipment group 'Firing' for ship INS ONE
2025-12-13 17:37:25,130 - DEBUG - Creating new equipment group 'Power Generation' for ship INS ONE
2025-12-13 17:37:25,130 - DEBUG - Creating new equipment group 'Propulsion' for ship INS ONE
2025-12-13 17:37:25,130 - DEBUG - Creating new equipment group 'Support' for ship INS ONE
2025-12-13 17:37:25,130 - DEBUG - Initializing new ship: INS THREE (ID: 53f13701-849f-4030-8d71-a0f65eac992e, Command: Western Naval Command)
2025-12-13 17:37:25,130 - DEBUG - Creating new equipment group 'Firing' for ship INS THREE
2025-12-13 17:37:25,130 - DEBUG - Creating new equipment group 'Power Generation' for ship INS THREE
2025-12-13 17:37:25,130 - DEBUG - Creating new equipment group 'Propulsion' for ship INS THREE
2025-12-13 17:37:25,130 - DEBUG - Creating new equipment group 'Support' for ship INS THREE
2025-12-13 17:37:25,130 - DEBUG - Initializing new ship: INS TWO (ID: fdc1f9a0-d380-42bb-9ee5-7990a46ddff5, Command: Western Naval Command)
2025-12-13 17:37:25,130 - DEBUG - Creating new equipment group 'Firing' for ship INS TWO
2025-12-13 17:37:25,130 - DEBUG - Creating new equipment group 'Power Generation' for ship INS TWO
2025-12-13 17:37:25,130 - DEBUG - Creating new equipment group 'Propulsion' for ship INS TWO
2025-12-13 17:37:25,130 - DEBUG - Creating new equipment group 'Support' for ship INS TWO
2025-12-13 17:37:25,130 - INFO - Processed 4 unique ships into 1 command groups
2025-12-13 17:37:25,131 - DEBUG - Converting to final data structure
2025-12-13 17:37:25,131 - DEBUG - Ship f1250bac-b929-4620-9541-93cf0e612e34: 4 equipment groups, 10 total items
2025-12-13 17:37:25,131 - DEBUG - Ship 33f13701-849f-4030-8d71-a0f65eac992e: 4 equipment groups, 16 total items
2025-12-13 17:37:25,131 - DEBUG - Ship 53f13701-849f-4030-8d71-a0f65eac992e: 4 equipment groups, 16 total items
2025-12-13 17:37:25,131 - DEBUG - Ship fdc1f9a0-d380-42bb-9ee5-7990a46ddff5: 4 equipment groups, 16 total items
2025-12-13 17:37:25,131 - INFO - Final data structure: 1 command groups, 4 total ships
2025-12-13 17:37:25,131 - DEBUG - Command groups: ['Western Naval Command']
2025-12-13 17:37:25,131 - INFO - Successfully retrieved hierarchical ship data
2025-12-13 17:38:58,524 - DEBUG - Starting _get_hierarchical_ship_data_sync
2025-12-13 17:38:58,525 - DEBUG - Executing SQLModel query for hierarchical ship data
2025-12-13 17:38:58,527 - INFO - SQLModel query returned 58 rows
2025-12-13 17:38:58,527 - DEBUG - First row sample: (UUID('f1250bac-b929-4620-9541-93cf0e612e34'), 'EX - MAGAR', 'Western Naval Command', UUID('591ba5ad-43c6-478c-aa4c-05edb9e61f2e'), 'REF PLANT (5F-20) MAGAR', 'REFRIGERATION PLANT (STBD)', UUID('a2b3e95b-c3b8-43ce-af79-eb445794f7ab'), <SystemType.FIRING: 'firing'>)
2025-12-13 17:38:58,527 - DEBUG - Starting to process and group results
2025-12-13 17:38:58,527 - DEBUG - Initializing new ship: EX - MAGAR (ID: f1250bac-b929-4620-9541-93cf0e612e34, Command: Western Naval Command)
2025-12-13 17:38:58,527 - DEBUG - Creating new command group: Western Naval Command
2025-12-13 17:38:58,527 - DEBUG - Creating new equipment group 'Firing' for ship EX - MAGAR
2025-12-13 17:38:58,527 - DEBUG - Creating new equipment group 'Power Generation' for ship EX - MAGAR
2025-12-13 17:38:58,527 - DEBUG - Creating new equipment group 'Propulsion' for ship EX - MAGAR
2025-12-13 17:38:58,527 - DEBUG - Creating new equipment group 'Support' for ship EX - MAGAR
2025-12-13 17:38:58,527 - DEBUG - Initializing new ship: INS ONE (ID: 33f13701-849f-4030-8d71-a0f65eac992e, Command: Western Naval Command)
2025-12-13 17:38:58,527 - DEBUG - Creating new equipment group 'Firing' for ship INS ONE
2025-12-13 17:38:58,527 - DEBUG - Creating new equipment group 'Power Generation' for ship INS ONE
2025-12-13 17:38:58,527 - DEBUG - Creating new equipment group 'Propulsion' for ship INS ONE
2025-12-13 17:38:58,527 - DEBUG - Creating new equipment group 'Support' for ship INS ONE
2025-12-13 17:38:58,527 - DEBUG - Initializing new ship: INS THREE (ID: 53f13701-849f-4030-8d71-a0f65eac992e, Command: Western Naval Command)
2025-12-13 17:38:58,527 - DEBUG - Creating new equipment group 'Firing' for ship INS THREE
2025-12-13 17:38:58,528 - DEBUG - Creating new equipment group 'Power Generation' for ship INS THREE
2025-12-13 17:38:58,528 - DEBUG - Creating new equipment group 'Propulsion' for ship INS THREE
2025-12-13 17:38:58,528 - DEBUG - Creating new equipment group 'Support' for ship INS THREE
2025-12-13 17:38:58,528 - DEBUG - Initializing new ship: INS TWO (ID: fdc1f9a0-d380-42bb-9ee5-7990a46ddff5, Command: Western Naval Command)
2025-12-13 17:38:58,528 - DEBUG - Creating new equipment group 'Firing' for ship INS TWO
2025-12-13 17:38:58,528 - DEBUG - Creating new equipment group 'Power Generation' for ship INS TWO
2025-12-13 17:38:58,528 - DEBUG - Creating new equipment group 'Propulsion' for ship INS TWO
2025-12-13 17:38:58,528 - DEBUG - Creating new equipment group 'Support' for ship INS TWO
2025-12-13 17:38:58,528 - INFO - Processed 4 unique ships into 1 command groups
2025-12-13 17:38:58,528 - DEBUG - Converting to final data structure
2025-12-13 17:38:58,528 - DEBUG - Ship f1250bac-b929-4620-9541-93cf0e612e34: 4 equipment groups, 10 total items
2025-12-13 17:38:58,528 - DEBUG - Ship 33f13701-849f-4030-8d71-a0f65eac992e: 4 equipment groups, 16 total items
2025-12-13 17:38:58,528 - DEBUG - Ship 53f13701-849f-4030-8d71-a0f65eac992e: 4 equipment groups, 16 total items
2025-12-13 17:38:58,528 - DEBUG - Ship fdc1f9a0-d380-42bb-9ee5-7990a46ddff5: 4 equipment groups, 16 total items
2025-12-13 17:38:58,528 - INFO - Final data structure: 1 command groups, 4 total ships
2025-12-13 17:38:58,528 - DEBUG - Command groups: ['Western Naval Command']
2025-12-13 17:38:58,529 - INFO - Successfully retrieved hierarchical ship data
2025-12-13 20:02:24,909 - DEBUG - Starting _get_hierarchical_ship_data_sync
2025-12-13 20:02:24,910 - DEBUG - Executing SQLModel query for hierarchical ship data
2025-12-13 20:02:24,979 - INFO - SQLModel query returned 58 rows
2025-12-13 20:02:24,979 - DEBUG - First row sample: (UUID('f1250bac-b929-4620-9541-93cf0e612e34'), 'EX - MAGAR', 'Western Naval Command', UUID('591ba5ad-43c6-478c-aa4c-05edb9e61f2e'), 'REF PLANT (5F-20) MAGAR', 'REFRIGERATION PLANT (STBD)', UUID('a2b3e95b-c3b8-43ce-af79-eb445794f7ab'), <SystemType.FIRING: 'firing'>)
2025-12-13 20:02:24,979 - DEBUG - Starting to process and group results
2025-12-13 20:02:24,979 - DEBUG - Initializing new ship: EX - MAGAR (ID: f1250bac-b929-4620-9541-93cf0e612e34, Command: Western Naval Command)
2025-12-13 20:02:24,979 - DEBUG - Creating new command group: Western Naval Command
2025-12-13 20:02:24,979 - DEBUG - Creating new equipment group 'Firing' for ship EX - MAGAR
2025-12-13 20:02:24,979 - DEBUG - Creating new equipment group 'Power Generation' for ship EX - MAGAR
2025-12-13 20:02:24,979 - DEBUG - Creating new equipment group 'Propulsion' for ship EX - MAGAR
2025-12-13 20:02:24,979 - DEBUG - Creating new equipment group 'Support' for ship EX - MAGAR
2025-12-13 20:02:24,979 - DEBUG - Initializing new ship: INS ONE (ID: 33f13701-849f-4030-8d71-a0f65eac992e, Command: Western Naval Command)
2025-12-13 20:02:24,979 - DEBUG - Creating new equipment group 'Firing' for ship INS ONE
2025-12-13 20:02:24,979 - DEBUG - Creating new equipment group 'Power Generation' for ship INS ONE
2025-12-13 20:02:24,979 - DEBUG - Creating new equipment group 'Propulsion' for ship INS ONE
2025-12-13 20:02:24,979 - DEBUG - Creating new equipment group 'Support' for ship INS ONE
2025-12-13 20:02:24,980 - DEBUG - Initializing new ship: INS THREE (ID: 53f13701-849f-4030-8d71-a0f65eac992e, Command: Western Naval Command)
2025-12-13 20:02:24,980 - DEBUG - Creating new equipment group 'Firing' for ship INS THREE
2025-12-13 20:02:24,980 - DEBUG - Creating new equipment group 'Power Generation' for ship INS THREE
2025-12-13 20:02:24,980 - DEBUG - Creating new equipment group 'Propulsion' for ship INS THREE
2025-12-13 20:02:24,980 - DEBUG - Creating new equipment group 'Support' for ship INS THREE
2025-12-13 20:02:24,980 - DEBUG - Initializing new ship: INS TWO (ID: fdc1f9a0-d380-42bb-9ee5-7990a46ddff5, Command: Western Naval Command)
2025-12-13 20:02:24,980 - DEBUG - Creating new equipment group 'Firing' for ship INS TWO
2025-12-13 20:02:24,980 - DEBUG - Creating new equipment group 'Power Generation' for ship INS TWO
2025-12-13 20:02:24,980 - DEBUG - Creating new equipment group 'Propulsion' for ship INS TWO
2025-12-13 20:02:24,980 - DEBUG - Creating new equipment group 'Support' for ship INS TWO
2025-12-13 20:02:24,980 - INFO - Processed 4 unique ships into 1 command groups
2025-12-13 20:02:24,980 - DEBUG - Converting to final data structure
2025-12-13 20:02:24,980 - DEBUG - Ship f1250bac-b929-4620-9541-93cf0e612e34: 4 equipment groups, 10 total items
2025-12-13 20:02:24,980 - DEBUG - Ship 33f13701-849f-4030-8d71-a0f65eac992e: 4 equipment groups, 16 total items
2025-12-13 20:02:24,980 - DEBUG - Ship 53f13701-849f-4030-8d71-a0f65eac992e: 4 equipment groups, 16 total items
2025-12-13 20:02:24,980 - DEBUG - Ship fdc1f9a0-d380-42bb-9ee5-7990a46ddff5: 4 equipment groups, 16 total items
2025-12-13 20:02:24,980 - INFO - Final data structure: 1 command groups, 4 total ships
2025-12-13 20:02:24,980 - DEBUG - Command groups: ['Western Naval Command']
2025-12-13 20:02:25,010 - INFO - Successfully retrieved hierarchical ship data
